Workbook

Sheet Calculator
A1: REMINDER: CUT & PASTE WILL CORRUPT FORMULAS ALWAYS USE COPY & PASTE | J1: Please use calculator to convert Drinks to Standard Drinking Units
E3: Input Subject ID and Sex | K3: Input date below | X3: Days -1 to -90 prior ICF:
A4: Staff Initials (calculation) | C4: RC | E4: Subject ID | H4: 1 | K4: Date of Screening | O4: 45925 | X4: Days between ICF and RAND: | AC4: =O5-O4 -> -45925
E5: Study Visit Name | H5: Screening Visit | Q5: =O4+45 -> 45970
AR6: Day of the week Pattern Chart 1 | AZ6: Day of the week Pattern Chart 2
E7: Beverage type #1 | H7: Beverage type #2 | K7: Beverage type #3 | N7: Beverage type #4 | Q7: Beverage type #5 | AR7: 2 | AS7: 3 | AT7: 4 | AU7: 5 | AV7: 6 | AW7: 7 | AX7: 1 | AZ7: 2 | BA7: 3 | BB7: 4 | BC7: 5 | BD7: 6 | BE7: 7 | BF7: 1 | BI7: Check for Missing data
A8: Drinking Day | B8: Day | C8: Date | D8: Pattern P1 A BLANK | E8: # of drinks | F8: # of oz per drink | G8: Conc. Of ETOH (ABV) | H8: # of drinks | I8: # of oz per drink | J8: Conc. Of ETOH (ABV) | K8: # of drinks | L8: # of oz per drink | M8: Conc. Of ETOH (ABV) | N8: # of drinks | O8: # of oz per drink | P8: Conc. Of ETOH (ABV) | Q8: # of drinks | R8: # of oz per drink | S8: Conc. Of ETOH (ABV) | T8: Total SDUs | U8: Do SDUs exceed 40 for this day? | V8: Confirm Values >40 with initials | X8: Drinking Day | Z8: Count drinking days in each 8-week period | AA8: Check for any period of 8 weeks abstinince | AB8: Determination if 8 weeks abstinence exists in time period | AE8: Average drinks per day in screening | AF8: =T104/X104 -> #DIV/0! | AH8: =CONCATENATE("The subject has consumed an average of ",AF8," drinks per day in the 90 days prior to consent") -> #DIV/0! | AL8: P1 Value | AM8: P2 Value | AN8: If P1 is True = day of week | AO8: If P2 is True = day of week | AQ8: Coded Day of week | AR8: P1 MON | AS8: P1 TUES | AT8: P1 WED | AU8: P1 THR | AV8: P1 FRI | AW8: P1 SAT | AX8: P1 SUN | AZ8: P2 MON | BA8: P2 TUES | BB8: P2 WED | BC8: P2 THR | BD8: P2 FRI | BE8: P2 SAT | BF8: P2 SUN | BI8: BEV1 | BJ8: BEV2 | BK8: BEV3 | BL8: BEV4 | BM8: BEV5 | BN8: Valid data for day (=1) no valid data (=0) | BQ8: Text Strings
A9: -90 | B9: =B10-1 -> 45835 | C9: =C10-1 -> 45835 | D9: A | T9: =IF(BN9=0,"M",IF(D9="p1",AL9,IF(D9="p2",AM9,IF(D9="A",0,((E9*F9)*G9/0.6)+((H9*I9)*J9/0.6)+((K9*L9)*M9/0.6)+((N9*O9)*P9/0.6)+((Q9*R9)*S9/0.6))))) -> 0 | U9: =IF(T9="M", "M", IF(T9>40, "YES", "NO")) -> NO | X9: =IF(T9="M",0,IF(T9=0,0,IF(T9>0,1,0))) -> 0 | AL9: =IF(AN9=1,AX9,IF(AN9=2,AR9,IF(AN9=3,AS9,IF(AN9=4,AT9,IF(AN9=5,AU9,IF(AN9=6,AV9,IF(AN9=7,AW9))))))) -> FALSE | AM9: =IF(AO9=1,BF9,IF(AO9=2,AZ9,IF(AO9=3,BA9,IF(AO9=4,BB9,IF(AO9=5,BC9,IF(AO9=6,BD9,IF(AO9=7,BE9))))))) -> FALSE | AN9: =IF(D9="p1",AQ9,"no") -> no | AO9: =IF(D9="p2",AQ9,"no") -> no | AQ9: =WEEKDAY(C9) -> 6 | AR9: ='P1 Chart'!Q4 -> M | AS9: ='P1 Chart'!Q5 -> M | AT9: ='P1 Chart'!Q6 -> 0.70833333 | AU9: ='P1 Chart'!Q7 -> M | AV9: ='P1 Chart'!Q8 -> M | AW9: ='P1 Chart'!Q9 -> 0.70833333 | AX9: ='P1 Chart'!Q10 -> M | AZ9: ='P1 Chart'!Q17 -> 0 | BA9: ='P1 Chart'!Q18 -> 0 | BB9: ='P1 Chart'!Q19 -> 0 | BC9: ='P1 Chart'!Q20 -> 0 | BD9: ='P1 Chart'!Q21 -> 0 | BE9: ='P1 Chart'!Q22 -> 0 | BF9: ='P1 Chart'!Q23 -> 0 | BI9: =IF(OR(E9="",F9="",G9=""),"M",1) -> M | BJ9: =IF(OR(H9="",I9="",J9=""),"M",1) -> M | BK9: =IF(OR(K9="",L9="",M9=""),"M",1) -> M | BL9: =IF(OR(N9="",O9="",P9=""),"M",1) -> M | BM9: =IF(OR(Q9="",R9="",S9=""),"M",1) -> M | BN9: =IF(AND(BI9="M",BJ9="M",BK9="M",BL9="M",BM9="M",D9=""),0,1) -> 1 | BO9: =SUM(BN9:BN98) -> 6 | BQ9: =IF(BO9=28,BQ19,BQ13) -> There are 84 days of missing drinking data in 90-day screening assessment period. Missing Baseline screening data must be collected prior to randomization.
A10: -89 | B10: =B11-1 -> 45836 | C10: =C11-1 -> 45836 | D10: A | T10: =IF(BN10=0,"M",IF(D10="p1",AL10,IF(D10="p2",AM10,IF(D10="A",0,((E10*F10)*G10/0.6)+((H10*I10)*J10/0.6)+((K10*L10)*M10/0.6)+((N10*O10)*P10/0.6)+((Q10*R10)*S10/0.6))))) -> 0 | U10: =IF(T10="M", "M", IF(T10>40, "YES", "NO")) -> NO | X10: =IF(T10="M",0,IF(T10=0,0,IF(T10>0,1,0))) -> 0 | AL10: =IF(AN10=1,AX10,IF(AN10=2,AR10,IF(AN10=3,AS10,IF(AN10=4,AT10,IF(AN10=5,AU10,IF(AN10=6,AV10,IF(AN10=7,AW10))))))) -> FALSE | AM10: =IF(AO10=1,BF10,IF(AO10=2,AZ10,IF(AO10=3,BA10,IF(AO10=4,BB10,IF(AO10=5,BC10,IF(AO10=6,BD10,IF(AO10=7,BE10))))))) -> FALSE | AN10: =IF(D10="p1",AQ10,"no") -> no | AO10: =IF(D10="p2",AQ10,"no") -> no | AQ10: =WEEKDAY(C10) -> 7 | AR10: =AR9 -> M | AS10: =AS9 -> M | AT10: =AT9 -> 0.70833333 | AU10: =AU9 -> M | AV10: =AV9 -> M | AW10: =AW9 -> 0.70833333 | AX10: =AX9 -> M | AZ10: =AZ9 -> 0 | BA10: =BA9 -> 0 | BB10: =BB9 -> 0 | BC10: =BC9 -> 0 | BD10: =BD9 -> 0 | BE10: =BE9 -> 0 | BF10: =BF9 -> 0 | BI10: =IF(OR(E10="",F10="",G10=""),"M",1) -> M | BJ10: =IF(OR(H10="",I10="",J10=""),"M",1) -> M | BK10: =IF(OR(K10="",L10="",M10=""),"M",1) -> M | BL10: =IF(OR(N10="",O10="",P10=""),"M",1) -> M | BM10: =IF(OR(Q10="",R10="",S10=""),"M",1) -> M | BN10: =IF(AND(BI10="M",BJ10="M",BK10="M",BL10="M",BM10="M",D10=""),0,1) -> 1 | BO10: 90
A11: -88 | B11: =B12-1 -> 45837 | C11: =C12-1 -> 45837 | D11: A | T11: =IF(BN11=0,"M",IF(D11="p1",AL11,IF(D11="p2",AM11,IF(D11="A",0,((E11*F11)*G11/0.6)+((H11*I11)*J11/0.6)+((K11*L11)*M11/0.6)+((N11*O11)*P11/0.6)+((Q11*R11)*S11/0.6))))) -> 0 | U11: =IF(T11="M", "M", IF(T11>40, "YES", "NO")) -> NO | X11: =IF(T11="M",0,IF(T11=0,0,IF(T11>0,1,0))) -> 0 | AL11: =IF(AN11=1,AX11,IF(AN11=2,AR11,IF(AN11=3,AS11,IF(AN11=4,AT11,IF(AN11=5,AU11,IF(AN11=6,AV11,IF(AN11=7,AW11))))))) -> FALSE | AM11: =IF(AO11=1,BF11,IF(AO11=2,AZ11,IF(AO11=3,BA11,IF(AO11=4,BB11,IF(AO11=5,BC11,IF(AO11=6,BD11,IF(AO11=7,BE11))))))) -> FALSE | AN11: =IF(D11="p1",AQ11,"no") -> no | AO11: =IF(D11="p2",AQ11,"no") -> no | AQ11: =WEEKDAY(C11) -> 1 | AR11: =AR10 -> M | AS11: =AS10 -> M | AT11: =AT10 -> 0.70833333 | AU11: =AU10 -> M | AV11: =AV10 -> M | AW11: =AW10 -> 0.70833333 | AX11: =AX10 -> M | AZ11: =AZ10 -> 0 | BA11: =BA10 -> 0 | BB11: =BB10 -> 0 | BC11: =BC10 -> 0 | BD11: =BD10 -> 0 | BE11: =BE10 -> 0 | BF11: =BF10 -> 0 | BI11: =IF(OR(E11="",F11="",G11=""),"M",1) -> M | BJ11: =IF(OR(H11="",I11="",J11=""),"M",1) -> M | BK11: =IF(OR(K11="",L11="",M11=""),"M",1) -> M | BL11: =IF(OR(N11="",O11="",P11=""),"M",1) -> M | BM11: =IF(OR(Q11="",R11="",S11=""),"M",1) -> M | BN11: =IF(AND(BI11="M",BJ11="M",BK11="M",BL11="M",BM11="M",D11=""),0,1) -> 1
A12: -87 | B12: =B13-1 -> 45838 | C12: =C13-1 -> 45838 | D12: A | T12: =IF(BN12=0,"M",IF(D12="p1",AL12,IF(D12="p2",AM12,IF(D12="A",0,((E12*F12)*G12/0.6)+((H12*I12)*J12/0.6)+((K12*L12)*M12/0.6)+((N12*O12)*P12/0.6)+((Q12*R12)*S12/0.6))))) -> 0 | U12: =IF(T12="M", "M", IF(T12>40, "YES", "NO")) -> NO | X12: =IF(T12="M",0,IF(T12=0,0,IF(T12>0,1,0))) -> 0 | AL12: =IF(AN12=1,AX12,IF(AN12=2,AR12,IF(AN12=3,AS12,IF(AN12=4,AT12,IF(AN12=5,AU12,IF(AN12=6,AV12,IF(AN12=7,AW12))))))) -> FALSE | AM12: =IF(AO12=1,BF12,IF(AO12=2,AZ12,IF(AO12=3,BA12,IF(AO12=4,BB12,IF(AO12=5,BC12,IF(AO12=6,BD12,IF(AO12=7,BE12))))))) -> FALSE | AN12: =IF(D12="p1",AQ12,"no") -> no | AO12: =IF(D12="p2",AQ12,"no") -> no | AQ12: =WEEKDAY(C12) -> 2 | AR12: =AR11 -> M | AS12: =AS11 -> M | AT12: =AT11 -> 0.70833333 | AU12: =AU11 -> M | AV12: =AV11 -> M | AW12: =AW11 -> 0.70833333 | AX12: =AX11 -> M | AZ12: =AZ11 -> 0 | BA12: =BA11 -> 0 | BB12: =BB11 -> 0 | BC12: =BC11 -> 0 | BD12: =BD11 -> 0 | BE12: =BE11 -> 0 | BF12: =BF11 -> 0 | BI12: =IF(OR(E12="",F12="",G12=""),"M",1) -> M | BJ12: =IF(OR(H12="",I12="",J12=""),"M",1) -> M | BK12: =IF(OR(K12="",L12="",M12=""),"M",1) -> M | BL12: =IF(OR(N12="",O12="",P12=""),"M",1) -> M | BM12: =IF(OR(Q12="",R12="",S12=""),"M",1) -> M | BN12: =IF(AND(BI12="M",BJ12="M",BK12="M",BL12="M",BM12="M",D12=""),0,1) -> 1
A13: -86 | B13: =B14-1 -> 45839 | C13: =C14-1 -> 45839 | D13: P1 | T13: =IF(BN13=0,"M",IF(D13="p1",AL13,IF(D13="p2",AM13,IF(D13="A",0,((E13*F13)*G13/0.6)+((H13*I13)*J13/0.6)+((K13*L13)*M13/0.6)+((N13*O13)*P13/0.6)+((Q13*R13)*S13/0.6))))) -> M | U13: =IF(T13="M", "M", IF(T13>40, "YES", "NO")) -> M | X13: =IF(T13="M",0,IF(T13=0,0,IF(T13>0,1,0))) -> 0 | AL13: =IF(AN13=1,AX13,IF(AN13=2,AR13,IF(AN13=3,AS13,IF(AN13=4,AT13,IF(AN13=5,AU13,IF(AN13=6,AV13,IF(AN13=7,AW13))))))) -> M | AM13: =IF(AO13=1,BF13,IF(AO13=2,AZ13,IF(AO13=3,BA13,IF(AO13=4,BB13,IF(AO13=5,BC13,IF(AO13=6,BD13,IF(AO13=7,BE13))))))) -> FALSE | AN13: =IF(D13="p1",AQ13,"no") -> 3 | AO13: =IF(D13="p2",AQ13,"no") -> no | AQ13: =WEEKDAY(C13) -> 3 | AR13: =AR12 -> M | AS13: =AS12 -> M | AT13: =AT12 -> 0.70833333 | AU13: =AU12 -> M | AV13: =AV12 -> M | AW13: =AW12 -> 0.70833333 | AX13: =AX12 -> M | AZ13: =AZ12 -> 0 | BA13: =BA12 -> 0 | BB13: =BB12 -> 0 | BC13: =BC12 -> 0 | BD13: =BD12 -> 0 | BE13: =BE12 -> 0 | BF13: =BF12 -> 0 | BI13: =IF(OR(E13="",F13="",G13=""),"M",1) -> M | BJ13: =IF(OR(H13="",I13="",J13=""),"M",1) -> M | BK13: =IF(OR(K13="",L13="",M13=""),"M",1) -> M | BL13: =IF(OR(N13="",O13="",P13=""),"M",1) -> M | BM13: =IF(OR(Q13="",R13="",S13=""),"M",1) -> M | BN13: =IF(AND(BI13="M",BJ13="M",BK13="M",BL13="M",BM13="M",D13=""),0,1) -> 1 | BQ13: =CONCATENATE("There ",BQ15," ",BQ16," ",BQ17," of missing drinking data in 90-day screening assessment period. ",BQ18) -> There are 84 days of missing drinking data in 90-day screening assessment period. Missing Baseline screening data must be collected prior to randomization.
A14: -85 | B14: =B15-1 -> 45840 | C14: =C15-1 -> 45840 | T14: =IF(BN14=0,"M",IF(D14="p1",AL14,IF(D14="p2",AM14,IF(D14="A",0,((E14*F14)*G14/0.6)+((H14*I14)*J14/0.6)+((K14*L14)*M14/0.6)+((N14*O14)*P14/0.6)+((Q14*R14)*S14/0.6))))) -> M | U14: =IF(T14="M", "M", IF(T14>40, "YES", "NO")) -> M | X14: =IF(T14="M",0,IF(T14=0,0,IF(T14>0,1,0))) -> 0 | AL14: =IF(AN14=1,AX14,IF(AN14=2,AR14,IF(AN14=3,AS14,IF(AN14=4,AT14,IF(AN14=5,AU14,IF(AN14=6,AV14,IF(AN14=7,AW14))))))) -> FALSE | AM14: =IF(AO14=1,BF14,IF(AO14=2,AZ14,IF(AO14=3,BA14,IF(AO14=4,BB14,IF(AO14=5,BC14,IF(AO14=6,BD14,IF(AO14=7,BE14))))))) -> FALSE | AN14: =IF(D14="p1",AQ14,"no") -> no | AO14: =IF(D14="p2",AQ14,"no") -> no | AQ14: =WEEKDAY(C14) -> 4 | AR14: =AR13 -> M | AS14: =AS13 -> M | AT14: =AT13 -> 0.70833333 | AU14: =AU13 -> M | AV14: =AV13 -> M | AW14: =AW13 -> 0.70833333 | AX14: =AX13 -> M | AZ14: =AZ13 -> 0 | BA14: =BA13 -> 0 | BB14: =BB13 -> 0 | BC14: =BC13 -> 0 | BD14: =BD13 -> 0 | BE14: =BE13 -> 0 | BF14: =BF13 -> 0 | BI14: =IF(OR(E14="",F14="",G14=""),"M",1) -> M | BJ14: =IF(OR(H14="",I14="",J14=""),"M",1) -> M | BK14: =IF(OR(K14="",L14="",M14=""),"M",1) -> M | BL14: =IF(OR(N14="",O14="",P14=""),"M",1) -> M | BM14: =IF(OR(Q14="",R14="",S14=""),"M",1) -> M | BN14: =IF(AND(BI14="M",BJ14="M",BK14="M",BL14="M",BM14="M",D14=""),0,1) -> 0
A15: -84 | B15: =B16-1 -> 45841 | C15: =C16-1 -> 45841 | T15: =IF(BN15=0,"M",IF(D15="p1",AL15,IF(D15="p2",AM15,IF(D15="A",0,((E15*F15)*G15/0.6)+((H15*I15)*J15/0.6)+((K15*L15)*M15/0.6)+((N15*O15)*P15/0.6)+((Q15*R15)*S15/0.6))))) -> M | U15: =IF(T15="M", "M", IF(T15>40, "YES", "NO")) -> M | X15: =IF(T15="M",0,IF(T15=0,0,IF(T15>0,1,0))) -> 0 | AL15: =IF(AN15=1,AX15,IF(AN15=2,AR15,IF(AN15=3,AS15,IF(AN15=4,AT15,IF(AN15=5,AU15,IF(AN15=6,AV15,IF(AN15=7,AW15))))))) -> FALSE | AM15: =IF(AO15=1,BF15,IF(AO15=2,AZ15,IF(AO15=3,BA15,IF(AO15=4,BB15,IF(AO15=5,BC15,IF(AO15=6,BD15,IF(AO15=7,BE15))))))) -> FALSE | AN15: =IF(D15="p1",AQ15,"no") -> no | AO15: =IF(D15="p2",AQ15,"no") -> no | AQ15: =WEEKDAY(C15) -> 5 | AR15: =AR14 -> M | AS15: =AS14 -> M | AT15: =AT14 -> 0.70833333 | AU15: =AU14 -> M | AV15: =AV14 -> M | AW15: =AW14 -> 0.70833333 | AX15: =AX14 -> M | AZ15: =AZ14 -> 0 | BA15: =BA14 -> 0 | BB15: =BB14 -> 0 | BC15: =BC14 -> 0 | BD15: =BD14 -> 0 | BE15: =BE14 -> 0 | BF15: =BF14 -> 0 | BI15: =IF(OR(E15="",F15="",G15=""),"M",1) -> M | BJ15: =IF(OR(H15="",I15="",J15=""),"M",1) -> M | BK15: =IF(OR(K15="",L15="",M15=""),"M",1) -> M | BL15: =IF(OR(N15="",O15="",P15=""),"M",1) -> M | BM15: =IF(OR(Q15="",R15="",S15=""),"M",1) -> M | BN15: =IF(AND(BI15="M",BJ15="M",BK15="M",BL15="M",BM15="M",D15=""),0,1) -> 0 | BQ15: =IF(BQ16=1,"is","are") -> are
A16: -83 | B16: =B17-1 -> 45842 | C16: =C17-1 -> 45842 | T16: =IF(BN16=0,"M",IF(D16="p1",AL16,IF(D16="p2",AM16,IF(D16="A",0,((E16*F16)*G16/0.6)+((H16*I16)*J16/0.6)+((K16*L16)*M16/0.6)+((N16*O16)*P16/0.6)+((Q16*R16)*S16/0.6))))) -> M | U16: =IF(T16="M", "M", IF(T16>40, "YES", "NO")) -> M | X16: =IF(T16="M",0,IF(T16=0,0,IF(T16>0,1,0))) -> 0 | AL16: =IF(AN16=1,AX16,IF(AN16=2,AR16,IF(AN16=3,AS16,IF(AN16=4,AT16,IF(AN16=5,AU16,IF(AN16=6,AV16,IF(AN16=7,AW16))))))) -> FALSE | AM16: =IF(AO16=1,BF16,IF(AO16=2,AZ16,IF(AO16=3,BA16,IF(AO16=4,BB16,IF(AO16=5,BC16,IF(AO16=6,BD16,IF(AO16=7,BE16))))))) -> FALSE | AN16: =IF(D16="p1",AQ16,"no") -> no | AO16: =IF(D16="p2",AQ16,"no") -> no | AQ16: =WEEKDAY(C16) -> 6 | AR16: =AR15 -> M | AS16: =AS15 -> M | AT16: =AT15 -> 0.70833333 | AU16: =AU15 -> M | AV16: =AV15 -> M | AW16: =AW15 -> 0.70833333 | AX16: =AX15 -> M | AZ16: =AZ15 -> 0 | BA16: =BA15 -> 0 | BB16: =BB15 -> 0 | BC16: =BC15 -> 0 | BD16: =BD15 -> 0 | BE16: =BE15 -> 0 | BF16: =BF15 -> 0 | BI16: =IF(OR(E16="",F16="",G16=""),"M",1) -> M | BJ16: =IF(OR(H16="",I16="",J16=""),"M",1) -> M | BK16: =IF(OR(K16="",L16="",M16=""),"M",1) -> M | BL16: =IF(OR(N16="",O16="",P16=""),"M",1) -> M | BM16: =IF(OR(Q16="",R16="",S16=""),"M",1) -> M | BN16: =IF(AND(BI16="M",BJ16="M",BK16="M",BL16="M",BM16="M",D16=""),0,1) -> 0 | BQ16: =BO10-BO9 -> 84
A17: -82 | B17: =B18-1 -> 45843 | C17: =C18-1 -> 45843 | T17: =IF(BN17=0,"M",IF(D17="p1",AL17,IF(D17="p2",AM17,IF(D17="A",0,((E17*F17)*G17/0.6)+((H17*I17)*J17/0.6)+((K17*L17)*M17/0.6)+((N17*O17)*P17/0.6)+((Q17*R17)*S17/0.6))))) -> M | U17: =IF(T17="M", "M", IF(T17>40, "YES", "NO")) -> M | X17: =IF(T17="M",0,IF(T17=0,0,IF(T17>0,1,0))) -> 0 | AL17: =IF(AN17=1,AX17,IF(AN17=2,AR17,IF(AN17=3,AS17,IF(AN17=4,AT17,IF(AN17=5,AU17,IF(AN17=6,AV17,IF(AN17=7,AW17))))))) -> FALSE | AM17: =IF(AO17=1,BF17,IF(AO17=2,AZ17,IF(AO17=3,BA17,IF(AO17=4,BB17,IF(AO17=5,BC17,IF(AO17=6,BD17,IF(AO17=7,BE17))))))) -> FALSE | AN17: =IF(D17="p1",AQ17,"no") -> no | AO17: =IF(D17="p2",AQ17,"no") -> no | AQ17: =WEEKDAY(C17) -> 7 | AR17: =AR16 -> M | AS17: =AS16 -> M | AT17: =AT16 -> 0.70833333 | AU17: =AU16 -> M | AV17: =AV16 -> M | AW17: =AW16 -> 0.70833333 | AX17: =AX16 -> M | AZ17: =AZ16 -> 0 | BA17: =BA16 -> 0 | BB17: =BB16 -> 0 | BC17: =BC16 -> 0 | BD17: =BD16 -> 0 | BE17: =BE16 -> 0 | BF17: =BF16 -> 0 | BI17: =IF(OR(E17="",F17="",G17=""),"M",1) -> M | BJ17: =IF(OR(H17="",I17="",J17=""),"M",1) -> M | BK17: =IF(OR(K17="",L17="",M17=""),"M",1) -> M | BL17: =IF(OR(N17="",O17="",P17=""),"M",1) -> M | BM17: =IF(OR(Q17="",R17="",S17=""),"M",1) -> M | BN17: =IF(AND(BI17="M",BJ17="M",BK17="M",BL17="M",BM17="M",D17=""),0,1) -> 0 | BQ17: =IF(BQ16=1,"day","days") -> days
A18: -81 | B18: =B19-1 -> 45844 | C18: =C19-1 -> 45844 | T18: =IF(BN18=0,"M",IF(D18="p1",AL18,IF(D18="p2",AM18,IF(D18="A",0,((E18*F18)*G18/0.6)+((H18*I18)*J18/0.6)+((K18*L18)*M18/0.6)+((N18*O18)*P18/0.6)+((Q18*R18)*S18/0.6))))) -> M | U18: =IF(T18="M", "M", IF(T18>40, "YES", "NO")) -> M | X18: =IF(T18="M",0,IF(T18=0,0,IF(T18>0,1,0))) -> 0 | AL18: =IF(AN18=1,AX18,IF(AN18=2,AR18,IF(AN18=3,AS18,IF(AN18=4,AT18,IF(AN18=5,AU18,IF(AN18=6,AV18,IF(AN18=7,AW18))))))) -> FALSE | AM18: =IF(AO18=1,BF18,IF(AO18=2,AZ18,IF(AO18=3,BA18,IF(AO18=4,BB18,IF(AO18=5,BC18,IF(AO18=6,BD18,IF(AO18=7,BE18))))))) -> FALSE | AN18: =IF(D18="p1",AQ18,"no") -> no | AO18: =IF(D18="p2",AQ18,"no") -> no | AQ18: =WEEKDAY(C18) -> 1 | AR18: =AR17 -> M | AS18: =AS17 -> M | AT18: =AT17 -> 0.70833333 | AU18: =AU17 -> M | AV18: =AV17 -> M | AW18: =AW17 -> 0.70833333 | AX18: =AX17 -> M | AZ18: =AZ17 -> 0 | BA18: =BA17 -> 0 | BB18: =BB17 -> 0 | BC18: =BC17 -> 0 | BD18: =BD17 -> 0 | BE18: =BE17 -> 0 | BF18: =BF17 -> 0 | BI18: =IF(OR(E18="",F18="",G18=""),"M",1) -> M | BJ18: =IF(OR(H18="",I18="",J18=""),"M",1) -> M | BK18: =IF(OR(K18="",L18="",M18=""),"M",1) -> M | BL18: =IF(OR(N18="",O18="",P18=""),"M",1) -> M | BM18: =IF(OR(Q18="",R18="",S18=""),"M",1) -> M | BN18: =IF(AND(BI18="M",BJ18="M",BK18="M",BL18="M",BM18="M",D18=""),0,1) -> 0 | BQ18: Missing Baseline screening data must be collected prior to randomization.
A19: -80 | B19: =B20-1 -> 45845 | C19: =C20-1 -> 45845 | T19: =IF(BN19=0,"M",IF(D19="p1",AL19,IF(D19="p2",AM19,IF(D19="A",0,((E19*F19)*G19/0.6)+((H19*I19)*J19/0.6)+((K19*L19)*M19/0.6)+((N19*O19)*P19/0.6)+((Q19*R19)*S19/0.6))))) -> M | U19: =IF(T19="M", "M", IF(T19>40, "YES", "NO")) -> M | X19: =IF(T19="M",0,IF(T19=0,0,IF(T19>0,1,0))) -> 0 | AL19: =IF(AN19=1,AX19,IF(AN19=2,AR19,IF(AN19=3,AS19,IF(AN19=4,AT19,IF(AN19=5,AU19,IF(AN19=6,AV19,IF(AN19=7,AW19))))))) -> FALSE | AM19: =IF(AO19=1,BF19,IF(AO19=2,AZ19,IF(AO19=3,BA19,IF(AO19=4,BB19,IF(AO19=5,BC19,IF(AO19=6,BD19,IF(AO19=7,BE19))))))) -> FALSE | AN19: =IF(D19="p1",AQ19,"no") -> no | AO19: =IF(D19="p2",AQ19,"no") -> no | AQ19: =WEEKDAY(C19) -> 2 | AR19: =AR18 -> M | AS19: =AS18 -> M | AT19: =AT18 -> 0.70833333 | AU19: =AU18 -> M | AV19: =AV18 -> M | AW19: =AW18 -> 0.70833333 | AX19: =AX18 -> M | AZ19: =AZ18 -> 0 | BA19: =BA18 -> 0 | BB19: =BB18 -> 0 | BC19: =BC18 -> 0 | BD19: =BD18 -> 0 | BE19: =BE18 -> 0 | BF19: =BF18 -> 0 | BI19: =IF(OR(E19="",F19="",G19=""),"M",1) -> M | BJ19: =IF(OR(H19="",I19="",J19=""),"M",1) -> M | BK19: =IF(OR(K19="",L19="",M19=""),"M",1) -> M | BL19: =IF(OR(N19="",O19="",P19=""),"M",1) -> M | BM19: =IF(OR(Q19="",R19="",S19=""),"M",1) -> M | BN19: =IF(AND(BI19="M",BJ19="M",BK19="M",BL19="M",BM19="M",D19=""),0,1) -> 0 | BQ19: Screening Drinking Data Complete
A20: -79 | B20: =B21-1 -> 45846 | C20: =C21-1 -> 45846 | D20: P1 | T20: =IF(BN20=0,"M",IF(D20="p1",AL20,IF(D20="p2",AM20,IF(D20="A",0,((E20*F20)*G20/0.6)+((H20*I20)*J20/0.6)+((K20*L20)*M20/0.6)+((N20*O20)*P20/0.6)+((Q20*R20)*S20/0.6))))) -> M | U20: =IF(T20="M", "M", IF(T20>40, "YES", "NO")) -> M | X20: =IF(T20="M",0,IF(T20=0,0,IF(T20>0,1,0))) -> 0 | AL20: =IF(AN20=1,AX20,IF(AN20=2,AR20,IF(AN20=3,AS20,IF(AN20=4,AT20,IF(AN20=5,AU20,IF(AN20=6,AV20,IF(AN20=7,AW20))))))) -> M | AM20: =IF(AO20=1,BF20,IF(AO20=2,AZ20,IF(AO20=3,BA20,IF(AO20=4,BB20,IF(AO20=5,BC20,IF(AO20=6,BD20,IF(AO20=7,BE20))))))) -> FALSE | AN20: =IF(D20="p1",AQ20,"no") -> 3 | AO20: =IF(D20="p2",AQ20,"no") -> no | AQ20: =WEEKDAY(C20) -> 3 | AR20: =AR19 -> M | AS20: =AS19 -> M | AT20: =AT19 -> 0.70833333 | AU20: =AU19 -> M | AV20: =AV19 -> M | AW20: =AW19 -> 0.70833333 | AX20: =AX19 -> M | AZ20: =AZ19 -> 0 | BA20: =BA19 -> 0 | BB20: =BB19 -> 0 | BC20: =BC19 -> 0 | BD20: =BD19 -> 0 | BE20: =BE19 -> 0 | BF20: =BF19 -> 0 | BI20: =IF(OR(E20="",F20="",G20=""),"M",1) -> M | BJ20: =IF(OR(H20="",I20="",J20=""),"M",1) -> M | BK20: =IF(OR(K20="",L20="",M20=""),"M",1) -> M | BL20: =IF(OR(N20="",O20="",P20=""),"M",1) -> M | BM20: =IF(OR(Q20="",R20="",S20=""),"M",1) -> M | BN20: =IF(AND(BI20="M",BJ20="M",BK20="M",BL20="M",BM20="M",D20=""),0,1) -> 1
A21: -78 | B21: =B22-1 -> 45847 | C21: =C22-1 -> 45847 | T21: =IF(BN21=0,"M",IF(D21="p1",AL21,IF(D21="p2",AM21,IF(D21="A",0,((E21*F21)*G21/0.6)+((H21*I21)*J21/0.6)+((K21*L21)*M21/0.6)+((N21*O21)*P21/0.6)+((Q21*R21)*S21/0.6))))) -> M | U21: =IF(T21="M", "M", IF(T21>40, "YES", "NO")) -> M | X21: =IF(T21="M",0,IF(T21=0,0,IF(T21>0,1,0))) -> 0 | AL21: =IF(AN21=1,AX21,IF(AN21=2,AR21,IF(AN21=3,AS21,IF(AN21=4,AT21,IF(AN21=5,AU21,IF(AN21=6,AV21,IF(AN21=7,AW21))))))) -> FALSE | AM21: =IF(AO21=1,BF21,IF(AO21=2,AZ21,IF(AO21=3,BA21,IF(AO21=4,BB21,IF(AO21=5,BC21,IF(AO21=6,BD21,IF(AO21=7,BE21))))))) -> FALSE | AN21: =IF(D21="p1",AQ21,"no") -> no | AO21: =IF(D21="p2",AQ21,"no") -> no | AQ21: =WEEKDAY(C21) -> 4 | AR21: =AR20 -> M | AS21: =AS20 -> M | AT21: =AT20 -> 0.70833333 | AU21: =AU20 -> M | AV21: =AV20 -> M | AW21: =AW20 -> 0.70833333 | AX21: =AX20 -> M | AZ21: =AZ20 -> 0 | BA21: =BA20 -> 0 | BB21: =BB20 -> 0 | BC21: =BC20 -> 0 | BD21: =BD20 -> 0 | BE21: =BE20 -> 0 | BF21: =BF20 -> 0 | BI21: =IF(OR(E21="",F21="",G21=""),"M",1) -> M | BJ21: =IF(OR(H21="",I21="",J21=""),"M",1) -> M | BK21: =IF(OR(K21="",L21="",M21=""),"M",1) -> M | BL21: =IF(OR(N21="",O21="",P21=""),"M",1) -> M | BM21: =IF(OR(Q21="",R21="",S21=""),"M",1) -> M | BN21: =IF(AND(BI21="M",BJ21="M",BK21="M",BL21="M",BM21="M",D21=""),0,1) -> 0
A22: -77 | B22: =B23-1 -> 45848 | C22: =C23-1 -> 45848 | T22: =IF(BN22=0,"M",IF(D22="p1",AL22,IF(D22="p2",AM22,IF(D22="A",0,((E22*F22)*G22/0.6)+((H22*I22)*J22/0.6)+((K22*L22)*M22/0.6)+((N22*O22)*P22/0.6)+((Q22*R22)*S22/0.6))))) -> M | U22: =IF(T22="M", "M", IF(T22>40, "YES", "NO")) -> M | X22: =IF(T22="M",0,IF(T22=0,0,IF(T22>0,1,0))) -> 0 | AL22: =IF(AN22=1,AX22,IF(AN22=2,AR22,IF(AN22=3,AS22,IF(AN22=4,AT22,IF(AN22=5,AU22,IF(AN22=6,AV22,IF(AN22=7,AW22))))))) -> FALSE | AM22: =IF(AO22=1,BF22,IF(AO22=2,AZ22,IF(AO22=3,BA22,IF(AO22=4,BB22,IF(AO22=5,BC22,IF(AO22=6,BD22,IF(AO22=7,BE22))))))) -> FALSE | AN22: =IF(D22="p1",AQ22,"no") -> no | AO22: =IF(D22="p2",AQ22,"no") -> no | AQ22: =WEEKDAY(C22) -> 5 | AR22: =AR21 -> M | AS22: =AS21 -> M | AT22: =AT21 -> 0.70833333 | AU22: =AU21 -> M | AV22: =AV21 -> M | AW22: =AW21 -> 0.70833333 | AX22: =AX21 -> M | AZ22: =AZ21 -> 0 | BA22: =BA21 -> 0 | BB22: =BB21 -> 0 | BC22: =BC21 -> 0 | BD22: =BD21 -> 0 | BE22: =BE21 -> 0 | BF22: =BF21 -> 0 | BI22: =IF(OR(E22="",F22="",G22=""),"M",1) -> M | BJ22: =IF(OR(H22="",I22="",J22=""),"M",1) -> M | BK22: =IF(OR(K22="",L22="",M22=""),"M",1) -> M | BL22: =IF(OR(N22="",O22="",P22=""),"M",1) -> M | BM22: =IF(OR(Q22="",R22="",S22=""),"M",1) -> M | BN22: =IF(AND(BI22="M",BJ22="M",BK22="M",BL22="M",BM22="M",D22=""),0,1) -> 0
A23: -76 | B23: =B24-1 -> 45849 | C23: =C24-1 -> 45849 | T23: =IF(BN23=0,"M",IF(D23="p1",AL23,IF(D23="p2",AM23,IF(D23="A",0,((E23*F23)*G23/0.6)+((H23*I23)*J23/0.6)+((K23*L23)*M23/0.6)+((N23*O23)*P23/0.6)+((Q23*R23)*S23/0.6))))) -> M | U23: =IF(T23="M", "M", IF(T23>40, "YES", "NO")) -> M | X23: =IF(T23="M",0,IF(T23=0,0,IF(T23>0,1,0))) -> 0 | AL23: =IF(AN23=1,AX23,IF(AN23=2,AR23,IF(AN23=3,AS23,IF(AN23=4,AT23,IF(AN23=5,AU23,IF(AN23=6,AV23,IF(AN23=7,AW23))))))) -> FALSE | AM23: =IF(AO23=1,BF23,IF(AO23=2,AZ23,IF(AO23=3,BA23,IF(AO23=4,BB23,IF(AO23=5,BC23,IF(AO23=6,BD23,IF(AO23=7,BE23))))))) -> FALSE | AN23: =IF(D23="p1",AQ23,"no") -> no | AO23: =IF(D23="p2",AQ23,"no") -> no | AQ23: =WEEKDAY(C23) -> 6 | AR23: =AR22 -> M | AS23: =AS22 -> M | AT23: =AT22 -> 0.70833333 | AU23: =AU22 -> M | AV23: =AV22 -> M | AW23: =AW22 -> 0.70833333 | AX23: =AX22 -> M | AZ23: =AZ22 -> 0 | BA23: =BA22 -> 0 | BB23: =BB22 -> 0 | BC23: =BC22 -> 0 | BD23: =BD22 -> 0 | BE23: =BE22 -> 0 | BF23: =BF22 -> 0 | BI23: =IF(OR(E23="",F23="",G23=""),"M",1) -> M | BJ23: =IF(OR(H23="",I23="",J23=""),"M",1) -> M | BK23: =IF(OR(K23="",L23="",M23=""),"M",1) -> M | BL23: =IF(OR(N23="",O23="",P23=""),"M",1) -> M | BM23: =IF(OR(Q23="",R23="",S23=""),"M",1) -> M | BN23: =IF(AND(BI23="M",BJ23="M",BK23="M",BL23="M",BM23="M",D23=""),0,1) -> 0
A24: -75 | B24: =B25-1 -> 45850 | C24: =C25-1 -> 45850 | T24: =IF(BN24=0,"M",IF(D24="p1",AL24,IF(D24="p2",AM24,IF(D24="A",0,((E24*F24)*G24/0.6)+((H24*I24)*J24/0.6)+((K24*L24)*M24/0.6)+((N24*O24)*P24/0.6)+((Q24*R24)*S24/0.6))))) -> M | U24: =IF(T24="M", "M", IF(T24>40, "YES", "NO")) -> M | X24: =IF(T24="M",0,IF(T24=0,0,IF(T24>0,1,0))) -> 0 | AL24: =IF(AN24=1,AX24,IF(AN24=2,AR24,IF(AN24=3,AS24,IF(AN24=4,AT24,IF(AN24=5,AU24,IF(AN24=6,AV24,IF(AN24=7,AW24))))))) -> FALSE | AM24: =IF(AO24=1,BF24,IF(AO24=2,AZ24,IF(AO24=3,BA24,IF(AO24=4,BB24,IF(AO24=5,BC24,IF(AO24=6,BD24,IF(AO24=7,BE24))))))) -> FALSE | AN24: =IF(D24="p1",AQ24,"no") -> no | AO24: =IF(D24="p2",AQ24,"no") -> no | AQ24: =WEEKDAY(C24) -> 7 | AR24: =AR23 -> M | AS24: =AS23 -> M | AT24: =AT23 -> 0.70833333 | AU24: =AU23 -> M | AV24: =AV23 -> M | AW24: =AW23 -> 0.70833333 | AX24: =AX23 -> M | AZ24: =AZ23 -> 0 | BA24: =BA23 -> 0 | BB24: =BB23 -> 0 | BC24: =BC23 -> 0 | BD24: =BD23 -> 0 | BE24: =BE23 -> 0 | BF24: =BF23 -> 0 | BI24: =IF(OR(E24="",F24="",G24=""),"M",1) -> M | BJ24: =IF(OR(H24="",I24="",J24=""),"M",1) -> M | BK24: =IF(OR(K24="",L24="",M24=""),"M",1) -> M | BL24: =IF(OR(N24="",O24="",P24=""),"M",1) -> M | BM24: =IF(OR(Q24="",R24="",S24=""),"M",1) -> M | BN24: =IF(AND(BI24="M",BJ24="M",BK24="M",BL24="M",BM24="M",D24=""),0,1) -> 0
A25: -74 | B25: =B26-1 -> 45851 | C25: =C26-1 -> 45851 | T25: =IF(BN25=0,"M",IF(D25="p1",AL25,IF(D25="p2",AM25,IF(D25="A",0,((E25*F25)*G25/0.6)+((H25*I25)*J25/0.6)+((K25*L25)*M25/0.6)+((N25*O25)*P25/0.6)+((Q25*R25)*S25/0.6))))) -> M | U25: =IF(T25="M", "M", IF(T25>40, "YES", "NO")) -> M | X25: =IF(T25="M",0,IF(T25=0,0,IF(T25>0,1,0))) -> 0 | AL25: =IF(AN25=1,AX25,IF(AN25=2,AR25,IF(AN25=3,AS25,IF(AN25=4,AT25,IF(AN25=5,AU25,IF(AN25=6,AV25,IF(AN25=7,AW25))))))) -> FALSE | AM25: =IF(AO25=1,BF25,IF(AO25=2,AZ25,IF(AO25=3,BA25,IF(AO25=4,BB25,IF(AO25=5,BC25,IF(AO25=6,BD25,IF(AO25=7,BE25))))))) -> FALSE | AN25: =IF(D25="p1",AQ25,"no") -> no | AO25: =IF(D25="p2",AQ25,"no") -> no | AQ25: =WEEKDAY(C25) -> 1 | AR25: =AR24 -> M | AS25: =AS24 -> M | AT25: =AT24 -> 0.70833333 | AU25: =AU24 -> M | AV25: =AV24 -> M | AW25: =AW24 -> 0.70833333 | AX25: =AX24 -> M | AZ25: =AZ24 -> 0 | BA25: =BA24 -> 0 | BB25: =BB24 -> 0 | BC25: =BC24 -> 0 | BD25: =BD24 -> 0 | BE25: =BE24 -> 0 | BF25: =BF24 -> 0 | BI25: =IF(OR(E25="",F25="",G25=""),"M",1) -> M | BJ25: =IF(OR(H25="",I25="",J25=""),"M",1) -> M | BK25: =IF(OR(K25="",L25="",M25=""),"M",1) -> M | BL25: =IF(OR(N25="",O25="",P25=""),"M",1) -> M | BM25: =IF(OR(Q25="",R25="",S25=""),"M",1) -> M | BN25: =IF(AND(BI25="M",BJ25="M",BK25="M",BL25="M",BM25="M",D25=""),0,1) -> 0
A26: -73 | B26: =B27-1 -> 45852 | C26: =C27-1 -> 45852 | T26: =IF(BN26=0,"M",IF(D26="p1",AL26,IF(D26="p2",AM26,IF(D26="A",0,((E26*F26)*G26/0.6)+((H26*I26)*J26/0.6)+((K26*L26)*M26/0.6)+((N26*O26)*P26/0.6)+((Q26*R26)*S26/0.6))))) -> M | U26: =IF(T26="M", "M", IF(T26>40, "YES", "NO")) -> M | X26: =IF(T26="M",0,IF(T26=0,0,IF(T26>0,1,0))) -> 0 | AL26: =IF(AN26=1,AX26,IF(AN26=2,AR26,IF(AN26=3,AS26,IF(AN26=4,AT26,IF(AN26=5,AU26,IF(AN26=6,AV26,IF(AN26=7,AW26))))))) -> FALSE | AM26: =IF(AO26=1,BF26,IF(AO26=2,AZ26,IF(AO26=3,BA26,IF(AO26=4,BB26,IF(AO26=5,BC26,IF(AO26=6,BD26,IF(AO26=7,BE26))))))) -> FALSE | AN26: =IF(D26="p1",AQ26,"no") -> no | AO26: =IF(D26="p2",AQ26,"no") -> no | AQ26: =WEEKDAY(C26) -> 2 | AR26: =AR25 -> M | AS26: =AS25 -> M | AT26: =AT25 -> 0.70833333 | AU26: =AU25 -> M | AV26: =AV25 -> M | AW26: =AW25 -> 0.70833333 | AX26: =AX25 -> M | AZ26: =AZ25 -> 0 | BA26: =BA25 -> 0 | BB26: =BB25 -> 0 | BC26: =BC25 -> 0 | BD26: =BD25 -> 0 | BE26: =BE25 -> 0 | BF26: =BF25 -> 0 | BI26: =IF(OR(E26="",F26="",G26=""),"M",1) -> M | BJ26: =IF(OR(H26="",I26="",J26=""),"M",1) -> M | BK26: =IF(OR(K26="",L26="",M26=""),"M",1) -> M | BL26: =IF(OR(N26="",O26="",P26=""),"M",1) -> M | BM26: =IF(OR(Q26="",R26="",S26=""),"M",1) -> M | BN26: =IF(AND(BI26="M",BJ26="M",BK26="M",BL26="M",BM26="M",D26=""),0,1) -> 0
A27: -72 | B27: =B28-1 -> 45853 | C27: =C28-1 -> 45853 | T27: =IF(BN27=0,"M",IF(D27="p1",AL27,IF(D27="p2",AM27,IF(D27="A",0,((E27*F27)*G27/0.6)+((H27*I27)*J27/0.6)+((K27*L27)*M27/0.6)+((N27*O27)*P27/0.6)+((Q27*R27)*S27/0.6))))) -> M | U27: =IF(T27="M", "M", IF(T27>40, "YES", "NO")) -> M | X27: =IF(T27="M",0,IF(T27=0,0,IF(T27>0,1,0))) -> 0 | AL27: =IF(AN27=1,AX27,IF(AN27=2,AR27,IF(AN27=3,AS27,IF(AN27=4,AT27,IF(AN27=5,AU27,IF(AN27=6,AV27,IF(AN27=7,AW27))))))) -> FALSE | AM27: =IF(AO27=1,BF27,IF(AO27=2,AZ27,IF(AO27=3,BA27,IF(AO27=4,BB27,IF(AO27=5,BC27,IF(AO27=6,BD27,IF(AO27=7,BE27))))))) -> FALSE | AN27: =IF(D27="p1",AQ27,"no") -> no | AO27: =IF(D27="p2",AQ27,"no") -> no | AQ27: =WEEKDAY(C27) -> 3 | AR27: =AR26 -> M | AS27: =AS26 -> M | AT27: =AT26 -> 0.70833333 | AU27: =AU26 -> M | AV27: =AV26 -> M | AW27: =AW26 -> 0.70833333 | AX27: =AX26 -> M | AZ27: =AZ26 -> 0 | BA27: =BA26 -> 0 | BB27: =BB26 -> 0 | BC27: =BC26 -> 0 | BD27: =BD26 -> 0 | BE27: =BE26 -> 0 | BF27: =BF26 -> 0 | BI27: =IF(OR(E27="",F27="",G27=""),"M",1) -> M | BJ27: =IF(OR(H27="",I27="",J27=""),"M",1) -> M | BK27: =IF(OR(K27="",L27="",M27=""),"M",1) -> M | BL27: =IF(OR(N27="",O27="",P27=""),"M",1) -> M | BM27: =IF(OR(Q27="",R27="",S27=""),"M",1) -> M | BN27: =IF(AND(BI27="M",BJ27="M",BK27="M",BL27="M",BM27="M",D27=""),0,1) -> 0
A28: -71 | B28: =B29-1 -> 45854 | C28: =C29-1 -> 45854 | T28: =IF(BN28=0,"M",IF(D28="p1",AL28,IF(D28="p2",AM28,IF(D28="A",0,((E28*F28)*G28/0.6)+((H28*I28)*J28/0.6)+((K28*L28)*M28/0.6)+((N28*O28)*P28/0.6)+((Q28*R28)*S28/0.6))))) -> M | U28: =IF(T28="M", "M", IF(T28>40, "YES", "NO")) -> M | X28: =IF(T28="M",0,IF(T28=0,0,IF(T28>0,1,0))) -> 0 | AL28: =IF(AN28=1,AX28,IF(AN28=2,AR28,IF(AN28=3,AS28,IF(AN28=4,AT28,IF(AN28=5,AU28,IF(AN28=6,AV28,IF(AN28=7,AW28))))))) -> FALSE | AM28: =IF(AO28=1,BF28,IF(AO28=2,AZ28,IF(AO28=3,BA28,IF(AO28=4,BB28,IF(AO28=5,BC28,IF(AO28=6,BD28,IF(AO28=7,BE28))))))) -> FALSE | AN28: =IF(D28="p1",AQ28,"no") -> no | AO28: =IF(D28="p2",AQ28,"no") -> no | AQ28: =WEEKDAY(C28) -> 4 | AR28: =AR27 -> M | AS28: =AS27 -> M | AT28: =AT27 -> 0.70833333 | AU28: =AU27 -> M | AV28: =AV27 -> M | AW28: =AW27 -> 0.70833333 | AX28: =AX27 -> M | AZ28: =AZ27 -> 0 | BA28: =BA27 -> 0 | BB28: =BB27 -> 0 | BC28: =BC27 -> 0 | BD28: =BD27 -> 0 | BE28: =BE27 -> 0 | BF28: =BF27 -> 0 | BI28: =IF(OR(E28="",F28="",G28=""),"M",1) -> M | BJ28: =IF(OR(H28="",I28="",J28=""),"M",1) -> M | BK28: =IF(OR(K28="",L28="",M28=""),"M",1) -> M | BL28: =IF(OR(N28="",O28="",P28=""),"M",1) -> M | BM28: =IF(OR(Q28="",R28="",S28=""),"M",1) -> M | BN28: =IF(AND(BI28="M",BJ28="M",BK28="M",BL28="M",BM28="M",D28=""),0,1) -> 0
A29: -70 | B29: =B30-1 -> 45855 | C29: =C30-1 -> 45855 | T29: =IF(BN29=0,"M",IF(D29="p1",AL29,IF(D29="p2",AM29,IF(D29="A",0,((E29*F29)*G29/0.6)+((H29*I29)*J29/0.6)+((K29*L29)*M29/0.6)+((N29*O29)*P29/0.6)+((Q29*R29)*S29/0.6))))) -> M | U29: =IF(T29="M", "M", IF(T29>40, "YES", "NO")) -> M | X29: =IF(T29="M",0,IF(T29=0,0,IF(T29>0,1,0))) -> 0 | AL29: =IF(AN29=1,AX29,IF(AN29=2,AR29,IF(AN29=3,AS29,IF(AN29=4,AT29,IF(AN29=5,AU29,IF(AN29=6,AV29,IF(AN29=7,AW29))))))) -> FALSE | AM29: =IF(AO29=1,BF29,IF(AO29=2,AZ29,IF(AO29=3,BA29,IF(AO29=4,BB29,IF(AO29=5,BC29,IF(AO29=6,BD29,IF(AO29=7,BE29))))))) -> FALSE | AN29: =IF(D29="p1",AQ29,"no") -> no | AO29: =IF(D29="p2",AQ29,"no") -> no | AQ29: =WEEKDAY(C29) -> 5 | AR29: =AR28 -> M | AS29: =AS28 -> M | AT29: =AT28 -> 0.70833333 | AU29: =AU28 -> M | AV29: =AV28 -> M | AW29: =AW28 -> 0.70833333 | AX29: =AX28 -> M | AZ29: =AZ28 -> 0 | BA29: =BA28 -> 0 | BB29: =BB28 -> 0 | BC29: =BC28 -> 0 | BD29: =BD28 -> 0 | BE29: =BE28 -> 0 | BF29: =BF28 -> 0 | BI29: =IF(OR(E29="",F29="",G29=""),"M",1) -> M | BJ29: =IF(OR(H29="",I29="",J29=""),"M",1) -> M | BK29: =IF(OR(K29="",L29="",M29=""),"M",1) -> M | BL29: =IF(OR(N29="",O29="",P29=""),"M",1) -> M | BM29: =IF(OR(Q29="",R29="",S29=""),"M",1) -> M | BN29: =IF(AND(BI29="M",BJ29="M",BK29="M",BL29="M",BM29="M",D29=""),0,1) -> 0
A30: -69 | B30: =B31-1 -> 45856 | C30: =C31-1 -> 45856 | T30: =IF(BN30=0,"M",IF(D30="p1",AL30,IF(D30="p2",AM30,IF(D30="A",0,((E30*F30)*G30/0.6)+((H30*I30)*J30/0.6)+((K30*L30)*M30/0.6)+((N30*O30)*P30/0.6)+((Q30*R30)*S30/0.6))))) -> M | U30: =IF(T30="M", "M", IF(T30>40, "YES", "NO")) -> M | X30: =IF(T30="M",0,IF(T30=0,0,IF(T30>0,1,0))) -> 0 | AL30: =IF(AN30=1,AX30,IF(AN30=2,AR30,IF(AN30=3,AS30,IF(AN30=4,AT30,IF(AN30=5,AU30,IF(AN30=6,AV30,IF(AN30=7,AW30))))))) -> FALSE | AM30: =IF(AO30=1,BF30,IF(AO30=2,AZ30,IF(AO30=3,BA30,IF(AO30=4,BB30,IF(AO30=5,BC30,IF(AO30=6,BD30,IF(AO30=7,BE30))))))) -> FALSE | AN30: =IF(D30="p1",AQ30,"no") -> no | AO30: =IF(D30="p2",AQ30,"no") -> no | AQ30: =WEEKDAY(C30) -> 6 | AR30: =AR29 -> M | AS30: =AS29 -> M | AT30: =AT29 -> 0.70833333 | AU30: =AU29 -> M | AV30: =AV29 -> M | AW30: =AW29 -> 0.70833333 | AX30: =AX29 -> M | AZ30: =AZ29 -> 0 | BA30: =BA29 -> 0 | BB30: =BB29 -> 0 | BC30: =BC29 -> 0 | BD30: =BD29 -> 0 | BE30: =BE29 -> 0 | BF30: =BF29 -> 0 | BI30: =IF(OR(E30="",F30="",G30=""),"M",1) -> M | BJ30: =IF(OR(H30="",I30="",J30=""),"M",1) -> M | BK30: =IF(OR(K30="",L30="",M30=""),"M",1) -> M | BL30: =IF(OR(N30="",O30="",P30=""),"M",1) -> M | BM30: =IF(OR(Q30="",R30="",S30=""),"M",1) -> M | BN30: =IF(AND(BI30="M",BJ30="M",BK30="M",BL30="M",BM30="M",D30=""),0,1) -> 0
A31: -68 | B31: =B32-1 -> 45857 | C31: =C32-1 -> 45857 | T31: =IF(BN31=0,"M",IF(D31="p1",AL31,IF(D31="p2",AM31,IF(D31="A",0,((E31*F31)*G31/0.6)+((H31*I31)*J31/0.6)+((K31*L31)*M31/0.6)+((N31*O31)*P31/0.6)+((Q31*R31)*S31/0.6))))) -> M | U31: =IF(T31="M", "M", IF(T31>40, "YES", "NO")) -> M | X31: =IF(T31="M",0,IF(T31=0,0,IF(T31>0,1,0))) -> 0 | AL31: =IF(AN31=1,AX31,IF(AN31=2,AR31,IF(AN31=3,AS31,IF(AN31=4,AT31,IF(AN31=5,AU31,IF(AN31=6,AV31,IF(AN31=7,AW31))))))) -> FALSE | AM31: =IF(AO31=1,BF31,IF(AO31=2,AZ31,IF(AO31=3,BA31,IF(AO31=4,BB31,IF(AO31=5,BC31,IF(AO31=6,BD31,IF(AO31=7,BE31))))))) -> FALSE | AN31: =IF(D31="p1",AQ31,"no") -> no | AO31: =IF(D31="p2",AQ31,"no") -> no | AQ31: =WEEKDAY(C31) -> 7 | AR31: =AR30 -> M | AS31: =AS30 -> M | AT31: =AT30 -> 0.70833333 | AU31: =AU30 -> M | AV31: =AV30 -> M | AW31: =AW30 -> 0.70833333 | AX31: =AX30 -> M | AZ31: =AZ30 -> 0 | BA31: =BA30 -> 0 | BB31: =BB30 -> 0 | BC31: =BC30 -> 0 | BD31: =BD30 -> 0 | BE31: =BE30 -> 0 | BF31: =BF30 -> 0 | BI31: =IF(OR(E31="",F31="",G31=""),"M",1) -> M | BJ31: =IF(OR(H31="",I31="",J31=""),"M",1) -> M | BK31: =IF(OR(K31="",L31="",M31=""),"M",1) -> M | BL31: =IF(OR(N31="",O31="",P31=""),"M",1) -> M | BM31: =IF(OR(Q31="",R31="",S31=""),"M",1) -> M | BN31: =IF(AND(BI31="M",BJ31="M",BK31="M",BL31="M",BM31="M",D31=""),0,1) -> 0
A32: -67 | B32: =B33-1 -> 45858 | C32: =C33-1 -> 45858 | T32: =IF(BN32=0,"M",IF(D32="p1",AL32,IF(D32="p2",AM32,IF(D32="A",0,((E32*F32)*G32/0.6)+((H32*I32)*J32/0.6)+((K32*L32)*M32/0.6)+((N32*O32)*P32/0.6)+((Q32*R32)*S32/0.6))))) -> M | U32: =IF(T32="M", "M", IF(T32>40, "YES", "NO")) -> M | X32: =IF(T32="M",0,IF(T32=0,0,IF(T32>0,1,0))) -> 0 | AL32: =IF(AN32=1,AX32,IF(AN32=2,AR32,IF(AN32=3,AS32,IF(AN32=4,AT32,IF(AN32=5,AU32,IF(AN32=6,AV32,IF(AN32=7,AW32))))))) -> FALSE | AM32: =IF(AO32=1,BF32,IF(AO32=2,AZ32,IF(AO32=3,BA32,IF(AO32=4,BB32,IF(AO32=5,BC32,IF(AO32=6,BD32,IF(AO32=7,BE32))))))) -> FALSE | AN32: =IF(D32="p1",AQ32,"no") -> no | AO32: =IF(D32="p2",AQ32,"no") -> no | AQ32: =WEEKDAY(C32) -> 1 | AR32: =AR31 -> M | AS32: =AS31 -> M | AT32: =AT31 -> 0.70833333 | AU32: =AU31 -> M | AV32: =AV31 -> M | AW32: =AW31 -> 0.70833333 | AX32: =AX31 -> M | AZ32: =AZ31 -> 0 | BA32: =BA31 -> 0 | BB32: =BB31 -> 0 | BC32: =BC31 -> 0 | BD32: =BD31 -> 0 | BE32: =BE31 -> 0 | BF32: =BF31 -> 0 | BI32: =IF(OR(E32="",F32="",G32=""),"M",1) -> M | BJ32: =IF(OR(H32="",I32="",J32=""),"M",1) -> M | BK32: =IF(OR(K32="",L32="",M32=""),"M",1) -> M | BL32: =IF(OR(N32="",O32="",P32=""),"M",1) -> M | BM32: =IF(OR(Q32="",R32="",S32=""),"M",1) -> M | BN32: =IF(AND(BI32="M",BJ32="M",BK32="M",BL32="M",BM32="M",D32=""),0,1) -> 0
... A63: -36 | B63: =B64-1 -> 45889 | C63: =C64-1 -> 45889 | T63: =IF(BN63=0,"M",IF(D63="p1",AL63,IF(D63="p2",AM63,IF(D63="A",0,((E63*F63)*G63/0.6)+((H63*I63)*J63/0.6)+((K63*L63)*M63/0.6)+((N63*O63)*P63/0.6)+((Q63*R63)*S63/0.6))))) -> M | U63: =IF(T63="M", "M", IF(T63>40, "YES", "NO")) -> M | X63: =IF(T63="M",0,IF(T63=0,0,IF(T63>0,1,0))) -> 0 | AL63: =IF(AN63=1,AX63,IF(AN63=2,AR63,IF(AN63=3,AS63,IF(AN63=4,AT63,IF(AN63=5,AU63,IF(AN63=6,AV63,IF(AN63=7,AW63))))))) -> FALSE | AM63: =IF(AO63=1,BF63,IF(AO63=2,AZ63,IF(AO63=3,BA63,IF(AO63=4,BB63,IF(AO63=5,BC63,IF(AO63=6,BD63,IF(AO63=7,BE63))))))) -> FALSE | AN63: =IF(D63="p1",AQ63,"no") -> no | AO63: =IF(D63="p2",AQ63,"no") -> no | AQ63: =WEEKDAY(C63) -> 4 | AR63: =AR62 -> M | AS63: =AS62 -> M | AT63: =AT62 -> 0.70833333 | AU63: =AU62 -> M | AV63: =AV62 -> M | AW63: =AW62 -> 0.70833333 | AX63: =AX62 -> M | AZ63: =AZ62 -> 0 | BA63: =BA62 -> 0 | BB63: =BB62 -> 0 | BC63: =BC62 -> 0 | BD63: =BD62 -> 0 | BE63: =BE62 -> 0 | BF63: =BF62 -> 0 | BI63: =IF(OR(E63="",F63="",G63=""),"M",1) -> M | BJ63: =IF(OR(H63="",I63="",J63=""),"M",1) -> M | BK63: =IF(OR(K63="",L63="",M63=""),"M",1) -> M | BL63: =IF(OR(N63="",O63="",P63=""),"M",1) -> M | BM63: =IF(OR(Q63="",R63="",S63=""),"M",1) -> M | BN63: =IF(AND(BI63="M",BJ63="M",BK63="M",BL63="M",BM63="M",D63=""),0,1) -> 0
A64: -35 | B64: =B65-1 -> 45890 | C64: =C65-1 -> 45890 | T64: =IF(BN64=0,"M",IF(D64="p1",AL64,IF(D64="p2",AM64,IF(D64="A",0,((E64*F64)*G64/0.6)+((H64*I64)*J64/0.6)+((K64*L64)*M64/0.6)+((N64*O64)*P64/0.6)+((Q64*R64)*S64/0.6))))) -> M | U64: =IF(T64="M", "M", IF(T64>40, "YES", "NO")) -> M | X64: =IF(T64="M",0,IF(T64=0,0,IF(T64>0,1,0))) -> 0 | Z64: =SUM(X9:X64) -> 0 | AA64: =IF(Z64=0,1,0) -> 1 | AL64: =IF(AN64=1,AX64,IF(AN64=2,AR64,IF(AN64=3,AS64,IF(AN64=4,AT64,IF(AN64=5,AU64,IF(AN64=6,AV64,IF(AN64=7,AW64))))))) -> FALSE | AM64: =IF(AO64=1,BF64,IF(AO64=2,AZ64,IF(AO64=3,BA64,IF(AO64=4,BB64,IF(AO64=5,BC64,IF(AO64=6,BD64,IF(AO64=7,BE64))))))) -> FALSE | AN64: =IF(D64="p1",AQ64,"no") -> no | AO64: =IF(D64="p2",AQ64,"no") -> no | AQ64: =WEEKDAY(C64) -> 5 | AR64: =AR63 -> M | AS64: =AS63 -> M | AT64: =AT63 -> 0.70833333 | AU64: =AU63 -> M | AV64: =AV63 -> M | AW64: =AW63 -> 0.70833333 | AX64: =AX63 -> M | AZ64: =AZ63 -> 0 | BA64: =BA63 -> 0 | BB64: =BB63 -> 0 | BC64: =BC63 -> 0 | BD64: =BD63 -> 0 | BE64: =BE63 -> 0 | BF64: =BF63 -> 0 | BI64: =IF(OR(E64="",F64="",G64=""),"M",1) -> M | BJ64: =IF(OR(H64="",I64="",J64=""),"M",1) -> M | BK64: =IF(OR(K64="",L64="",M64=""),"M",1) -> M | BL64: =IF(OR(N64="",O64="",P64=""),"M",1) -> M | BM64: =IF(OR(Q64="",R64="",S64=""),"M",1) -> M | BN64: =IF(AND(BI64="M",BJ64="M",BK64="M",BL64="M",BM64="M",D64=""),0,1) -> 0
A65: -34 | B65: =B66-1 -> 45891 | C65: =C66-1 -> 45891 | T65: =IF(BN65=0,"M",IF(D65="p1",AL65,IF(D65="p2",AM65,IF(D65="A",0,((E65*F65)*G65/0.6)+((H65*I65)*J65/0.6)+((K65*L65)*M65/0.6)+((N65*O65)*P65/0.6)+((Q65*R65)*S65/0.6))))) -> M | U65: =IF(T65="M", "M", IF(T65>40, "YES", "NO")) -> M | X65: =IF(T65="M",0,IF(T65=0,0,IF(T65>0,1,0))) -> 0 | Z65: =SUM(X10:X65) -> 0 | AA65: =IF(Z65=0,1,0) -> 1 | AL65: =IF(AN65=1,AX65,IF(AN65=2,AR65,IF(AN65=3,AS65,IF(AN65=4,AT65,IF(AN65=5,AU65,IF(AN65=6,AV65,IF(AN65=7,AW65))))))) -> FALSE | AM65: =IF(AO65=1,BF65,IF(AO65=2,AZ65,IF(AO65=3,BA65,IF(AO65=4,BB65,IF(AO65=5,BC65,IF(AO65=6,BD65,IF(AO65=7,BE65))))))) -> FALSE | AN65: =IF(D65="p1",AQ65,"no") -> no | AO65: =IF(D65="p2",AQ65,"no") -> no | AQ65: =WEEKDAY(C65) -> 6 | AR65: =AR64 -> M | AS65: =AS64 -> M | AT65: =AT64 -> 0.70833333 | AU65: =AU64 -> M | AV65: =AV64 -> M | AW65: =AW64 -> 0.70833333 | AX65: =AX64 -> M | AZ65: =AZ64 -> 0 | BA65: =BA64 -> 0 | BB65: =BB64 -> 0 | BC65: =BC64 -> 0 | BD65: =BD64 -> 0 | BE65: =BE64 -> 0 | BF65: =BF64 -> 0 | BI65: =IF(OR(E65="",F65="",G65=""),"M",1) -> M | BJ65: =IF(OR(H65="",I65="",J65=""),"M",1) -> M | BK65: =IF(OR(K65="",L65="",M65=""),"M",1) -> M | BL65: =IF(OR(N65="",O65="",P65=""),"M",1) -> M | BM65: =IF(OR(Q65="",R65="",S65=""),"M",1) -> M | BN65: =IF(AND(BI65="M",BJ65="M",BK65="M",BL65="M",BM65="M",D65=""),0,1) -> 0
A66: -33 | B66: =B67-1 -> 45892 | C66: =C67-1 -> 45892 | T66: =IF(BN66=0,"M",IF(D66="p1",AL66,IF(D66="p2",AM66,IF(D66="A",0,((E66*F66)*G66/0.6)+((H66*I66)*J66/0.6)+((K66*L66)*M66/0.6)+((N66*O66)*P66/0.6)+((Q66*R66)*S66/0.6))))) -> M | U66: =IF(T66="M", "M", IF(T66>40, "YES", "NO")) -> M | X66: =IF(T66="M",0,IF(T66=0,0,IF(T66>0,1,0))) -> 0 | Z66: =SUM(X11:X66) -> 0 | AA66: =IF(Z66=0,1,0) -> 1 | AL66: =IF(AN66=1,AX66,IF(AN66=2,AR66,IF(AN66=3,AS66,IF(AN66=4,AT66,IF(AN66=5,AU66,IF(AN66=6,AV66,IF(AN66=7,AW66))))))) -> FALSE | AM66: =IF(AO66=1,BF66,IF(AO66=2,AZ66,IF(AO66=3,BA66,IF(AO66=4,BB66,IF(AO66=5,BC66,IF(AO66=6,BD66,IF(AO66=7,BE66))))))) -> FALSE | AN66: =IF(D66="p1",AQ66,"no") -> no | AO66: =IF(D66="p2",AQ66,"no") -> no | AQ66: =WEEKDAY(C66) -> 7 | AR66: =AR65 -> M | AS66: =AS65 -> M | AT66: =AT65 -> 0.70833333 | AU66: =AU65 -> M | AV66: =AV65 -> M | AW66: =AW65 -> 0.70833333 | AX66: =AX65 -> M | AZ66: =AZ65 -> 0 | BA66: =BA65 -> 0 | BB66: =BB65 -> 0 | BC66: =BC65 -> 0 | BD66: =BD65 -> 0 | BE66: =BE65 -> 0 | BF66: =BF65 -> 0 | BI66: =IF(OR(E66="",F66="",G66=""),"M",1) -> M | BJ66: =IF(OR(H66="",I66="",J66=""),"M",1) -> M | BK66: =IF(OR(K66="",L66="",M66=""),"M",1) -> M | BL66: =IF(OR(N66="",O66="",P66=""),"M",1) -> M | BM66: =IF(OR(Q66="",R66="",S66=""),"M",1) -> M | BN66: =IF(AND(BI66="M",BJ66="M",BK66="M",BL66="M",BM66="M",D66=""),0,1) -> 0
A67: -32 | B67: =B68-1 -> 45893 | C67: =C68-1 -> 45893 | T67: =IF(BN67=0,"M",IF(D67="p1",AL67,IF(D67="p2",AM67,IF(D67="A",0,((E67*F67)*G67/0.6)+((H67*I67)*J67/0.6)+((K67*L67)*M67/0.6)+((N67*O67)*P67/0.6)+((Q67*R67)*S67/0.6))))) -> M | U67: =IF(T67="M", "M", IF(T67>40, "YES", "NO")) -> M | X67: =IF(T67="M",0,IF(T67=0,0,IF(T67>0,1,0))) -> 0 | Z67: =SUM(X12:X67) -> 0 | AA67: =IF(Z67=0,1,0) -> 1 | AL67: =IF(AN67=1,AX67,IF(AN67=2,AR67,IF(AN67=3,AS67,IF(AN67=4,AT67,IF(AN67=5,AU67,IF(AN67=6,AV67,IF(AN67=7,AW67))))))) -> FALSE | AM67: =IF(AO67=1,BF67,IF(AO67=2,AZ67,IF(AO67=3,BA67,IF(AO67=4,BB67,IF(AO67=5,BC67,IF(AO67=6,BD67,IF(AO67=7,BE67))))))) -> FALSE | AN67: =IF(D67="p1",AQ67,"no") -> no | AO67: =IF(D67="p2",AQ67,"no") -> no | AQ67: =WEEKDAY(C67) -> 1 | AR67: =AR66 -> M | AS67: =AS66 -> M | AT67: =AT66 -> 0.70833333 | AU67: =AU66 -> M | AV67: =AV66 -> M | AW67: =AW66 -> 0.70833333 | AX67: =AX66 -> M | AZ67: =AZ66 -> 0 | BA67: =BA66 -> 0 | BB67: =BB66 -> 0 | BC67: =BC66 -> 0 | BD67: =BD66 -> 0 | BE67: =BE66 -> 0 | BF67: =BF66 -> 0 | BI67: =IF(OR(E67="",F67="",G67=""),"M",1) -> M | BJ67: =IF(OR(H67="",I67="",J67=""),"M",1) -> M | BK67: =IF(OR(K67="",L67="",M67=""),"M",1) -> M | BL67: =IF(OR(N67="",O67="",P67=""),"M",1) -> M | BM67: =IF(OR(Q67="",R67="",S67=""),"M",1) -> M | BN67: =IF(AND(BI67="M",BJ67="M",BK67="M",BL67="M",BM67="M",D67=""),0,1) -> 0
A68: -31 | B68: =B69-1 -> 45894 | C68: =C69-1 -> 45894 | T68: =IF(BN68=0,"M",IF(D68="p1",AL68,IF(D68="p2",AM68,IF(D68="A",0,((E68*F68)*G68/0.6)+((H68*I68)*J68/0.6)+((K68*L68)*M68/0.6)+((N68*O68)*P68/0.6)+((Q68*R68)*S68/0.6))))) -> M | U68: =IF(T68="M", "M", IF(T68>40, "YES", "NO")) -> M | X68: =IF(T68="M",0,IF(T68=0,0,IF(T68>0,1,0))) -> 0 | Z68: =SUM(X13:X68) -> 0 | AA68: =IF(Z68=0,1,0) -> 1 | AL68: =IF(AN68=1,AX68,IF(AN68=2,AR68,IF(AN68=3,AS68,IF(AN68=4,AT68,IF(AN68=5,AU68,IF(AN68=6,AV68,IF(AN68=7,AW68))))))) -> FALSE | AM68: =IF(AO68=1,BF68,IF(AO68=2,AZ68,IF(AO68=3,BA68,IF(AO68=4,BB68,IF(AO68=5,BC68,IF(AO68=6,BD68,IF(AO68=7,BE68))))))) -> FALSE | AN68: =IF(D68="p1",AQ68,"no") -> no | AO68: =IF(D68="p2",AQ68,"no") -> no | AQ68: =WEEKDAY(C68) -> 2 | AR68: =AR67 -> M | AS68: =AS67 -> M | AT68: =AT67 -> 0.70833333 | AU68: =AU67 -> M | AV68: =AV67 -> M | AW68: =AW67 -> 0.70833333 | AX68: =AX67 -> M | AZ68: =AZ67 -> 0 | BA68: =BA67 -> 0 | BB68: =BB67 -> 0 | BC68: =BC67 -> 0 | BD68: =BD67 -> 0 | BE68: =BE67 -> 0 | BF68: =BF67 -> 0 | BI68: =IF(OR(E68="",F68="",G68=""),"M",1) -> M | BJ68: =IF(OR(H68="",I68="",J68=""),"M",1) -> M | BK68: =IF(OR(K68="",L68="",M68=""),"M",1) -> M | BL68: =IF(OR(N68="",O68="",P68=""),"M",1) -> M | BM68: =IF(OR(Q68="",R68="",S68=""),"M",1) -> M | BN68: =IF(AND(BI68="M",BJ68="M",BK68="M",BL68="M",BM68="M",D68=""),0,1) -> 0
A69: -30 | B69: =B70-1 -> 45895 | C69: =C70-1 -> 45895 | T69: =IF(BN69=0,"M",IF(D69="p1",AL69,IF(D69="p2",AM69,IF(D69="A",0,((E69*F69)*G69/0.6)+((H69*I69)*J69/0.6)+((K69*L69)*M69/0.6)+((N69*O69)*P69/0.6)+((Q69*R69)*S69/0.6))))) -> M | U69: =IF(T69="M", "M", IF(T69>40, "YES", "NO")) -> M | X69: =IF(T69="M",0,IF(T69=0,0,IF(T69>0,1,0))) -> 0 | Z69: =SUM(X14:X69) -> 0 | AA69: =IF(Z69=0,1,0) -> 1 | AL69: =IF(AN69=1,AX69,IF(AN69=2,AR69,IF(AN69=3,AS69,IF(AN69=4,AT69,IF(AN69=5,AU69,IF(AN69=6,AV69,IF(AN69=7,AW69))))))) -> FALSE | AM69: =IF(AO69=1,BF69,IF(AO69=2,AZ69,IF(AO69=3,BA69,IF(AO69=4,BB69,IF(AO69=5,BC69,IF(AO69=6,BD69,IF(AO69=7,BE69))))))) -> FALSE | AN69: =IF(D69="p1",AQ69,"no") -> no | AO69: =IF(D69="p2",AQ69,"no") -> no | AQ69: =WEEKDAY(C69) -> 3 | AR69: =AR68 -> M | AS69: =AS68 -> M | AT69: =AT68 -> 0.70833333 | AU69: =AU68 -> M | AV69: =AV68 -> M | AW69: =AW68 -> 0.70833333 | AX69: =AX68 -> M | AZ69: =AZ68 -> 0 | BA69: =BA68 -> 0 | BB69: =BB68 -> 0 | BC69: =BC68 -> 0 | BD69: =BD68 -> 0 | BE69: =BE68 -> 0 | BF69: =BF68 -> 0 | BI69: =IF(OR(E69="",F69="",G69=""),"M",1) -> M | BJ69: =IF(OR(H69="",I69="",J69=""),"M",1) -> M | BK69: =IF(OR(K69="",L69="",M69=""),"M",1) -> M | BL69: =IF(OR(N69="",O69="",P69=""),"M",1) -> M | BM69: =IF(OR(Q69="",R69="",S69=""),"M",1) -> M | BN69: =IF(AND(BI69="M",BJ69="M",BK69="M",BL69="M",BM69="M",D69=""),0,1) -> 0
A70: -29 | B70: =B71-1 -> 45896 | C70: =C71-1 -> 45896 | T70: =IF(BN70=0,"M",IF(D70="p1",AL70,IF(D70="p2",AM70,IF(D70="A",0,((E70*F70)*G70/0.6)+((H70*I70)*J70/0.6)+((K70*L70)*M70/0.6)+((N70*O70)*P70/0.6)+((Q70*R70)*S70/0.6))))) -> M | U70: =IF(T70="M", "M", IF(T70>40, "YES", "NO")) -> M | X70: =IF(T70="M",0,IF(T70=0,0,IF(T70>0,1,0))) -> 0 | Z70: =SUM(X15:X70) -> 0 | AA70: =IF(Z70=0,1,0) -> 1 | AL70: =IF(AN70=1,AX70,IF(AN70=2,AR70,IF(AN70=3,AS70,IF(AN70=4,AT70,IF(AN70=5,AU70,IF(AN70=6,AV70,IF(AN70=7,AW70))))))) -> FALSE | AM70: =IF(AO70=1,BF70,IF(AO70=2,AZ70,IF(AO70=3,BA70,IF(AO70=4,BB70,IF(AO70=5,BC70,IF(AO70=6,BD70,IF(AO70=7,BE70))))))) -> FALSE | AN70: =IF(D70="p1",AQ70,"no") -> no | AO70: =IF(D70="p2",AQ70,"no") -> no | AQ70: =WEEKDAY(C70) -> 4 | AR70: =AR69 -> M | AS70: =AS69 -> M | AT70: =AT69 -> 0.70833333 | AU70: =AU69 -> M | AV70: =AV69 -> M | AW70: =AW69 -> 0.70833333 | AX70: =AX69 -> M | AZ70: =AZ69 -> 0 | BA70: =BA69 -> 0 | BB70: =BB69 -> 0 | BC70: =BC69 -> 0 | BD70: =BD69 -> 0 | BE70: =BE69 -> 0 | BF70: =BF69 -> 0 | BI70: =IF(OR(E70="",F70="",G70=""),"M",1) -> M | BJ70: =IF(OR(H70="",I70="",J70=""),"M",1) -> M | BK70: =IF(OR(K70="",L70="",M70=""),"M",1) -> M | BL70: =IF(OR(N70="",O70="",P70=""),"M",1) -> M | BM70: =IF(OR(Q70="",R70="",S70=""),"M",1) -> M | BN70: =IF(AND(BI70="M",BJ70="M",BK70="M",BL70="M",BM70="M",D70=""),0,1) -> 0
A71: -28 | B71: =B72-1 -> 45897 | C71: =C72-1 -> 45897 | T71: =IF(BN71=0,"M",IF(D71="p1",AL71,IF(D71="p2",AM71,IF(D71="A",0,((E71*F71)*G71/0.6)+((H71*I71)*J71/0.6)+((K71*L71)*M71/0.6)+((N71*O71)*P71/0.6)+((Q71*R71)*S71/0.6))))) -> M | U71: =IF(T71="M", "M", IF(T71>40, "YES", "NO")) -> M | X71: =IF(T71="M",0,IF(T71=0,0,IF(T71>0,1,0))) -> 0 | Z71: =SUM(X16:X71) -> 0 | AA71: =IF(Z71=0,1,0) -> 1 | AL71: =IF(AN71=1,AX71,IF(AN71=2,AR71,IF(AN71=3,AS71,IF(AN71=4,AT71,IF(AN71=5,AU71,IF(AN71=6,AV71,IF(AN71=7,AW71))))))) -> FALSE | AM71: =IF(AO71=1,BF71,IF(AO71=2,AZ71,IF(AO71=3,BA71,IF(AO71=4,BB71,IF(AO71=5,BC71,IF(AO71=6,BD71,IF(AO71=7,BE71))))))) -> FALSE | AN71: =IF(D71="p1",AQ71,"no") -> no | AO71: =IF(D71="p2",AQ71,"no") -> no | AQ71: =WEEKDAY(C71) -> 5 | AR71: =AR70 -> M | AS71: =AS70 -> M | AT71: =AT70 -> 0.70833333 | AU71: =AU70 -> M | AV71: =AV70 -> M | AW71: =AW70 -> 0.70833333 | AX71: =AX70 -> M | AZ71: =AZ70 -> 0 | BA71: =BA70 -> 0 | BB71: =BB70 -> 0 | BC71: =BC70 -> 0 | BD71: =BD70 -> 0 | BE71: =BE70 -> 0 | BF71: =BF70 -> 0 | BI71: =IF(OR(E71="",F71="",G71=""),"M",1) -> M | BJ71: =IF(OR(H71="",I71="",J71=""),"M",1) -> M | BK71: =IF(OR(K71="",L71="",M71=""),"M",1) -> M | BL71: =IF(OR(N71="",O71="",P71=""),"M",1) -> M | BM71: =IF(OR(Q71="",R71="",S71=""),"M",1) -> M | BN71: =IF(AND(BI71="M",BJ71="M",BK71="M",BL71="M",BM71="M",D71=""),0,1) -> 0
A72: -27 | B72: =B73-1 -> 45898 | C72: =C73-1 -> 45898 | T72: =IF(BN72=0,"M",IF(D72="p1",AL72,IF(D72="p2",AM72,IF(D72="A",0,((E72*F72)*G72/0.6)+((H72*I72)*J72/0.6)+((K72*L72)*M72/0.6)+((N72*O72)*P72/0.6)+((Q72*R72)*S72/0.6))))) -> M | U72: =IF(T72="M", "M", IF(T72>40, "YES", "NO")) -> M | X72: =IF(T72="M",0,IF(T72=0,0,IF(T72>0,1,0))) -> 0 | Z72: =SUM(X17:X72) -> 0 | AA72: =IF(Z72=0,1,0) -> 1 | AL72: =IF(AN72=1,AX72,IF(AN72=2,AR72,IF(AN72=3,AS72,IF(AN72=4,AT72,IF(AN72=5,AU72,IF(AN72=6,AV72,IF(AN72=7,AW72))))))) -> FALSE | AM72: =IF(AO72=1,BF72,IF(AO72=2,AZ72,IF(AO72=3,BA72,IF(AO72=4,BB72,IF(AO72=5,BC72,IF(AO72=6,BD72,IF(AO72=7,BE72))))))) -> FALSE | AN72: =IF(D72="p1",AQ72,"no") -> no | AO72: =IF(D72="p2",AQ72,"no") -> no | AQ72: =WEEKDAY(C72) -> 6 | AR72: =AR71 -> M | AS72: =AS71 -> M | AT72: =AT71 -> 0.70833333 | AU72: =AU71 -> M | AV72: =AV71 -> M | AW72: =AW71 -> 0.70833333 | AX72: =AX71 -> M | AZ72: =AZ71 -> 0 | BA72: =BA71 -> 0 | BB72: =BB71 -> 0 | BC72: =BC71 -> 0 | BD72: =BD71 -> 0 | BE72: =BE71 -> 0 | BF72: =BF71 -> 0 | BI72: =IF(OR(E72="",F72="",G72=""),"M",1) -> M | BJ72: =IF(OR(H72="",I72="",J72=""),"M",1) -> M | BK72: =IF(OR(K72="",L72="",M72=""),"M",1) -> M | BL72: =IF(OR(N72="",O72="",P72=""),"M",1) -> M | BM72: =IF(OR(Q72="",R72="",S72=""),"M",1) -> M | BN72: =IF(AND(BI72="M",BJ72="M",BK72="M",BL72="M",BM72="M",D72=""),0,1) -> 0
A73: -26 | B73: =B74-1 -> 45899 | C73: =C74-1 -> 45899 | T73: =IF(BN73=0,"M",IF(D73="p1",AL73,IF(D73="p2",AM73,IF(D73="A",0,((E73*F73)*G73/0.6)+((H73*I73)*J73/0.6)+((K73*L73)*M73/0.6)+((N73*O73)*P73/0.6)+((Q73*R73)*S73/0.6))))) -> M | U73: =IF(T73="M", "M", IF(T73>40, "YES", "NO")) -> M | X73: =IF(T73="M",0,IF(T73=0,0,IF(T73>0,1,0))) -> 0 | Z73: =SUM(X18:X73) -> 0 | AA73: =IF(Z73=0,1,0) -> 1 | AL73: =IF(AN73=1,AX73,IF(AN73=2,AR73,IF(AN73=3,AS73,IF(AN73=4,AT73,IF(AN73=5,AU73,IF(AN73=6,AV73,IF(AN73=7,AW73))))))) -> FALSE | AM73: =IF(AO73=1,BF73,IF(AO73=2,AZ73,IF(AO73=3,BA73,IF(AO73=4,BB73,IF(AO73=5,BC73,IF(AO73=6,BD73,IF(AO73=7,BE73))))))) -> FALSE | AN73: =IF(D73="p1",AQ73,"no") -> no | AO73: =IF(D73="p2",AQ73,"no") -> no | AQ73: =WEEKDAY(C73) -> 7 | AR73: =AR72 -> M | AS73: =AS72 -> M | AT73: =AT72 -> 0.70833333 | AU73: =AU72 -> M | AV73: =AV72 -> M | AW73: =AW72 -> 0.70833333 | AX73: =AX72 -> M | AZ73: =AZ72 -> 0 | BA73: =BA72 -> 0 | BB73: =BB72 -> 0 | BC73: =BC72 -> 0 | BD73: =BD72 -> 0 | BE73: =BE72 -> 0 | BF73: =BF72 -> 0 | BI73: =IF(OR(E73="",F73="",G73=""),"M",1) -> M | BJ73: =IF(OR(H73="",I73="",J73=""),"M",1) -> M | BK73: =IF(OR(K73="",L73="",M73=""),"M",1) -> M | BL73: =IF(OR(N73="",O73="",P73=""),"M",1) -> M | BM73: =IF(OR(Q73="",R73="",S73=""),"M",1) -> M | BN73: =IF(AND(BI73="M",BJ73="M",BK73="M",BL73="M",BM73="M",D73=""),0,1) -> 0
A74: -25 | B74: =B75-1 -> 45900 | C74: =C75-1 -> 45900 | T74: =IF(BN74=0,"M",IF(D74="p1",AL74,IF(D74="p2",AM74,IF(D74="A",0,((E74*F74)*G74/0.6)+((H74*I74)*J74/0.6)+((K74*L74)*M74/0.6)+((N74*O74)*P74/0.6)+((Q74*R74)*S74/0.6))))) -> M | U74: =IF(T74="M", "M", IF(T74>40, "YES", "NO")) -> M | X74: =IF(T74="M",0,IF(T74=0,0,IF(T74>0,1,0))) -> 0 | Z74: =SUM(X19:X74) -> 0 | AA74: =IF(Z74=0,1,0) -> 1 | AL74: =IF(AN74=1,AX74,IF(AN74=2,AR74,IF(AN74=3,AS74,IF(AN74=4,AT74,IF(AN74=5,AU74,IF(AN74=6,AV74,IF(AN74=7,AW74))))))) -> FALSE | AM74: =IF(AO74=1,BF74,IF(AO74=2,AZ74,IF(AO74=3,BA74,IF(AO74=4,BB74,IF(AO74=5,BC74,IF(AO74=6,BD74,IF(AO74=7,BE74))))))) -> FALSE | AN74: =IF(D74="p1",AQ74,"no") -> no | AO74: =IF(D74="p2",AQ74,"no") -> no | AQ74: =WEEKDAY(C74) -> 1 | AR74: =AR73 -> M | AS74: =AS73 -> M | AT74: =AT73 -> 0.70833333 | AU74: =AU73 -> M | AV74: =AV73 -> M | AW74: =AW73 -> 0.70833333 | AX74: =AX73 -> M | AZ74: =AZ73 -> 0 | BA74: =BA73 -> 0 | BB74: =BB73 -> 0 | BC74: =BC73 -> 0 | BD74: =BD73 -> 0 | BE74: =BE73 -> 0 | BF74: =BF73 -> 0 | BI74: =IF(OR(E74="",F74="",G74=""),"M",1) -> M | BJ74: =IF(OR(H74="",I74="",J74=""),"M",1) -> M | BK74: =IF(OR(K74="",L74="",M74=""),"M",1) -> M | BL74: =IF(OR(N74="",O74="",P74=""),"M",1) -> M | BM74: =IF(OR(Q74="",R74="",S74=""),"M",1) -> M | BN74: =IF(AND(BI74="M",BJ74="M",BK74="M",BL74="M",BM74="M",D74=""),0,1) -> 0
A75: -24 | B75: =B76-1 -> 45901 | C75: =C76-1 -> 45901 | T75: =IF(BN75=0,"M",IF(D75="p1",AL75,IF(D75="p2",AM75,IF(D75="A",0,((E75*F75)*G75/0.6)+((H75*I75)*J75/0.6)+((K75*L75)*M75/0.6)+((N75*O75)*P75/0.6)+((Q75*R75)*S75/0.6))))) -> M | U75: =IF(T75="M", "M", IF(T75>40, "YES", "NO")) -> M | X75: =IF(T75="M",0,IF(T75=0,0,IF(T75>0,1,0))) -> 0 | Z75: =SUM(X20:X75) -> 0 | AA75: =IF(Z75=0,1,0) -> 1 | AL75: =IF(AN75=1,AX75,IF(AN75=2,AR75,IF(AN75=3,AS75,IF(AN75=4,AT75,IF(AN75=5,AU75,IF(AN75=6,AV75,IF(AN75=7,AW75))))))) -> FALSE | AM75: =IF(AO75=1,BF75,IF(AO75=2,AZ75,IF(AO75=3,BA75,IF(AO75=4,BB75,IF(AO75=5,BC75,IF(AO75=6,BD75,IF(AO75=7,BE75))))))) -> FALSE | AN75: =IF(D75="p1",AQ75,"no") -> no | AO75: =IF(D75="p2",AQ75,"no") -> no | AQ75: =WEEKDAY(C75) -> 2 | AR75: =AR74 -> M | AS75: =AS74 -> M | AT75: =AT74 -> 0.70833333 | AU75: =AU74 -> M | AV75: =AV74 -> M | AW75: =AW74 -> 0.70833333 | AX75: =AX74 -> M | AZ75: =AZ74 -> 0 | BA75: =BA74 -> 0 | BB75: =BB74 -> 0 | BC75: =BC74 -> 0 | BD75: =BD74 -> 0 | BE75: =BE74 -> 0 | BF75: =BF74 -> 0 | BI75: =IF(OR(E75="",F75="",G75=""),"M",1) -> M | BJ75: =IF(OR(H75="",I75="",J75=""),"M",1) -> M | BK75: =IF(OR(K75="",L75="",M75=""),"M",1) -> M | BL75: =IF(OR(N75="",O75="",P75=""),"M",1) -> M | BM75: =IF(OR(Q75="",R75="",S75=""),"M",1) -> M | BN75: =IF(AND(BI75="M",BJ75="M",BK75="M",BL75="M",BM75="M",D75=""),0,1) -> 0
... A97: -2 | B97: =B98-1 -> 45923 | C97: =C98-1 -> 45923 | T97: =IF(BN97=0,"M",IF(D97="p1",AL97,IF(D97="p2",AM97,IF(D97="A",0,((E97*F97)*G97/0.6)+((H97*I97)*J97/0.6)+((K97*L97)*M97/0.6)+((N97*O97)*P97/0.6)+((Q97*R97)*S97/0.6))))) -> M | U97: =IF(T97="M", "M", IF(T97>40, "YES", "NO")) -> M | X97: =IF(T97="M",0,IF(T97=0,0,IF(T97>0,1,0))) -> 0 | Z97: =SUM(X42:X97) -> 0 | AA97: =IF(Z97=0,1,0) -> 1 | AL97: =IF(AN97=1,AX97,IF(AN97=2,AR97,IF(AN97=3,AS97,IF(AN97=4,AT97,IF(AN97=5,AU97,IF(AN97=6,AV97,IF(AN97=7,AW97))))))) -> FALSE | AM97: =IF(AO97=1,BF97,IF(AO97=2,AZ97,IF(AO97=3,BA97,IF(AO97=4,BB97,IF(AO97=5,BC97,IF(AO97=6,BD97,IF(AO97=7,BE97))))))) -> FALSE | AN97: =IF(D97="p1",AQ97,"no") -> no | AO97: =IF(D97="p2",AQ97,"no") -> no | AQ97: =WEEKDAY(C97) -> 3 | AR97: =AR96 -> M | AS97: =AS96 -> M | AT97: =AT96 -> 0.70833333 | AU97: =AU96 -> M | AV97: =AV96 -> M | AW97: =AW96 -> 0.70833333 | AX97: =AX96 -> M | AZ97: =AZ96 -> 0 | BA97: =BA96 -> 0 | BB97: =BB96 -> 0 | BC97: =BC96 -> 0 | BD97: =BD96 -> 0 | BE97: =BE96 -> 0 | BF97: =BF96 -> 0 | BI97: =IF(OR(E97="",F97="",G97=""),"M",1) -> M | BJ97: =IF(OR(H97="",I97="",J97=""),"M",1) -> M | BK97: =IF(OR(K97="",L97="",M97=""),"M",1) -> M | BL97: =IF(OR(N97="",O97="",P97=""),"M",1) -> M | BM97: =IF(OR(Q97="",R97="",S97=""),"M",1) -> M | BN97: =IF(AND(BI97="M",BJ97="M",BK97="M",BL97="M",BM97="M",D97=""),0,1) -> 0
A98: -1 | B98: =O4-1 -> 45924 | C98: =O4-1 -> 45924 | T98: =IF(BN98=0,"M",IF(D98="p1",AL98,IF(D98="p2",AM98,IF(D98="A",0,((E98*F98)*G98/0.6)+((H98*I98)*J98/0.6)+((K98*L98)*M98/0.6)+((N98*O98)*P98/0.6)+((Q98*R98)*S98/0.6))))) -> M | U98: =IF(T98="M", "M", IF(T98>40, "YES", "NO")) -> M | X98: =IF(T98="M",0,IF(T98=0,0,IF(T98>0,1,0))) -> 0 | Z98: =SUM(X43:X98) -> 0 | AA98: =IF(Z98=0,1,0) -> 1 | AB98: =SUM(AA64:AA98) -> 35 | AL98: =IF(AN98=1,AX98,IF(AN98=2,AR98,IF(AN98=3,AS98,IF(AN98=4,AT98,IF(AN98=5,AU98,IF(AN98=6,AV98,IF(AN98=7,AW98))))))) -> FALSE | AM98: =IF(AO98=1,BF98,IF(AO98=2,AZ98,IF(AO98=3,BA98,IF(AO98=4,BB98,IF(AO98=5,BC98,IF(AO98=6,BD98,IF(AO98=7,BE98))))))) -> FALSE | AN98: =IF(D98="p1",AQ98,"no") -> no | AO98: =IF(D98="p2",AQ98,"no") -> no | AQ98: =WEEKDAY(C98) -> 4 | AR98: =AR97 -> M | AS98: =AS97 -> M | AT98: =AT97 -> 0.70833333 | AU98: =AU97 -> M | AV98: =AV97 -> M | AW98: =AW97 -> 0.70833333 | AX98: =AX97 -> M | AZ98: =AZ97 -> 0 | BA98: =BA97 -> 0 | BB98: =BB97 -> 0 | BC98: =BC97 -> 0 | BD98: =BD97 -> 0 | BE98: =BE97 -> 0 | BF98: =BF97 -> 0 | BI98: =IF(OR(E98="",F98="",G98=""),"M",1) -> M | BJ98: =IF(OR(H98="",I98="",J98=""),"M",1) -> M | BK98: =IF(OR(K98="",L98="",M98=""),"M",1) -> M | BL98: =IF(OR(N98="",O98="",P98=""),"M",1) -> M | BM98: =IF(OR(Q98="",R98="",S98=""),"M",1) -> M | BN98: =IF(AND(BI98="M",BJ98="M",BK98="M",BL98="M",BM98="M",D98=""),0,1) -> 0
A99: Screening | B99: =O4 -> 45925 | C99: =O4 -> 45925 | AL99: =IF(AN99=1,AX99,IF(AN99=2,AR99,IF(AN99=3,AS99,IF(AN99=4,AT99,IF(AN99=5,AU99,IF(AN99=6,AV99,IF(AN99=7,AW99))))))) -> FALSE | AM99: =IF(AO99=1,BF99,IF(AO99=2,AZ99,IF(AO99=3,BA99,IF(AO99=4,BB99,IF(AO99=5,BC99,IF(AO99=6,BD99,IF(AO99=7,BE99))))))) -> FALSE | AN99: =IF(D99="p1",AQ99,"no") -> no | AO99: =IF(D99="p2",AQ99,"no") -> no | AQ99: =WEEKDAY(C99) -> 5 | AR99: =#REF! -> #REF! | AS99: =#REF! -> #REF! | AT99: =#REF! -> #REF! | AU99: =#REF! -> #REF! | AV99: =#REF! -> #REF! | AW99: =#REF! -> #REF! | AX99: =#REF! -> #REF! | AZ99: =#REF! -> #REF! | BA99: =#REF! -> #REF! | BB99: =#REF! -> #REF! | BC99: =#REF! -> #REF! | BD99: =#REF! -> #REF! | BE99: =#REF! -> #REF! | BF99: =#REF! -> #REF!
AH100: Logic for different number days in screening
AH101: Text string | AI101: logic
T104: =SUM(T9:T98) -> 0 | X104: =SUM(X9:X98) -> 0

Sheet P1 Chart
B1: Pattern Chart 1 (P1) | S1: Check Missing Values
B2: Beverage Type #1 | E2: Beverage Type #2 | H2: Beverage Type #3 | K2: Beverage Type #4 | N2: BeverageType #5
A3: Day | B3: # of drinks | C3: # of oz per drink | D3: Conc. Of ETOH | E3: # of drinks | F3: # of oz per drink | G3: Conc. Of ETOH | H3: # of drinks | I3: # of oz per drink | J3: Conc. Of ETOH | K3: # of drinks | L3: # of oz per drink | M3: Conc. Of ETOH | N3: # of drinks | O3: # of oz per drink | P3: Conc. Of ETOH | Q3: Total SDUs
A4: Monday | B4: 0 | Q4: =IF(X4=0,"M",((B4*C4)*D4/0.6) + ((E4*F4)*G4/0.6) +((H4*I4)*J4/0.6) +((K4*L4)*M4/0.6) + ((N4*O4)*P4/0.6)) -> M | S4: =IF(OR(B4="",C4="",D4=""),"M",1) -> M | T4: =IF(OR(E4="",F4="",G4=""),"M",1) -> M | U4: =IF(OR(H4="",I4="",J4=""),"M",1) -> M | V4: =IF(OR(K4="",L4="",M4=""),"M",1) -> M | W4: =IF(OR(N4="",O4="",P4=""),"M",1) -> M | X4: =IF(AND(S4="M",T4="M",U4="M",V4="M",W4="M"),0,1) -> 0
A5: Tuesday | B5: 0 | Q5: =IF(X5=0,"M",((B5*C5)*D5/0.6) + ((E5*F5)*G5/0.6) +((H5*I5)*J5/0.6) +((K5*L5)*M5/0.6) + ((N5*O5)*P5/0.6)) -> M | S5: =IF(OR(B5="",C5="",D5=""),"M",1) -> M | T5: =IF(OR(E5="",F5="",G5=""),"M",1) -> M | U5: =IF(OR(H5="",I5="",J5=""),"M",1) -> M | V5: =IF(OR(K5="",L5="",M5=""),"M",1) -> M | W5: =IF(OR(N5="",O5="",P5=""),"M",1) -> M | X5: =IF(AND(S5="M",T5="M",U5="M",V5="M",W5="M"),0,1) -> 0
A6: Wednesday | B6: 1 | C6: 8.5 | D6: 0.05 | Q6: =IF(X6=0,"M",((B6*C6)*D6/0.6) + ((E6*F6)*G6/0.6) +((H6*I6)*J6/0.6) +((K6*L6)*M6/0.6) + ((N6*O6)*P6/0.6)) -> 0.70833333 | S6: =IF(OR(B6="",C6="",D6=""),"M",1) -> 1 | T6: =IF(OR(E6="",F6="",G6=""),"M",1) -> M | U6: =IF(OR(H6="",I6="",J6=""),"M",1) -> M | V6: =IF(OR(K6="",L6="",M6=""),"M",1) -> M | W6: =IF(OR(N6="",O6="",P6=""),"M",1) -> M | X6: =IF(AND(S6="M",T6="M",U6="M",V6="M",W6="M"),0,1) -> 1
A7: Thursday | B7: 0 | Q7: =IF(X7=0,"M",((B7*C7)*D7/0.6) + ((E7*F7)*G7/0.6) +((H7*I7)*J7/0.6) +((K7*L7)*M7/0.6) + ((N7*O7)*P7/0.6)) -> M | S7: =IF(OR(B7="",C7="",D7=""),"M",1) -> M | T7: =IF(OR(E7="",F7="",G7=""),"M",1) -> M | U7: =IF(OR(H7="",I7="",J7=""),"M",1) -> M | V7: =IF(OR(K7="",L7="",M7=""),"M",1) -> M | W7: =IF(OR(N7="",O7="",P7=""),"M",1) -> M | X7: =IF(AND(S7="M",T7="M",U7="M",V7="M",W7="M"),0,1) -> 0
A8: Friday | B8: 0 | Q8: =IF(X8=0,"M",((B8*C8)*D8/0.6) + ((E8*F8)*G8/0.6) +((H8*I8)*J8/0.6) +((K8*L8)*M8/0.6) + ((N8*O8)*P8/0.6)) -> M | S8: =IF(OR(B8="",C8="",D8=""),"M",1) -> M | T8: =IF(OR(E8="",F8="",G8=""),"M",1) -> M | U8: =IF(OR(H8="",I8="",J8=""),"M",1) -> M | V8: =IF(OR(K8="",L8="",M8=""),"M",1) -> M | W8: =IF(OR(N8="",O8="",P8=""),"M",1) -> M | X8: =IF(AND(S8="M",T8="M",U8="M",V8="M",W8="M"),0,1) -> 0
A9: Saturday | B9: 1 | C9: 8.5 | D9: 0.05 | Q9: =IF(X9=0,"M",((B9*C9)*D9/0.6) + ((E9*F9)*G9/0.6) +((H9*I9)*J9/0.6) +((K9*L9)*M9/0.6) + ((N9*O9)*P9/0.6)) -> 0.70833333 | S9: =IF(OR(B9="",C9="",D9=""),"M",1) -> 1 | T9: =IF(OR(E9="",F9="",G9=""),"M",1) -> M | U9: =IF(OR(H9="",I9="",J9=""),"M",1) -> M | V9: =IF(OR(K9="",L9="",M9=""),"M",1) -> M | W9: =IF(OR(N9="",O9="",P9=""),"M",1) -> M | X9: =IF(AND(S9="M",T9="M",U9="M",V9="M",W9="M"),0,1) -> 1
A10: Sunday | Q10: =IF(X10=0,"M",((B10*C10)*D10/0.6) + ((E10*F10)*G10/0.6) +((H10*I10)*J10/0.6) +((K10*L10)*M10/0.6) + ((N10*O10)*P10/0.6)) -> M | S10: =IF(OR(B10="",C10="",D10=""),"M",1) -> M | T10: =IF(OR(E10="",F10="",G10=""),"M",1) -> M | U10: =IF(OR(H10="",I10="",J10=""),"M",1) -> M | V10: =IF(OR(K10="",L10="",M10=""),"M",1) -> M | W10: =IF(OR(N10="",O10="",P10=""),"M",1) -> M | X10: =IF(AND(S10="M",T10="M",U10="M",V10="M",W10="M"),0,1) -> 0
B14: Pattern Chart 2 (P2)
B15: Beverage Type #1 | E15: Beverage #2 | H15: Beverage Type #3 | K15: Beverage Type #4 | N15: BeverageType #5
A16: Day | B16: # of drinks | C16: # of oz per drink | D16: Conc. Of ETOH | E16: # of drinks | F16: # of oz per drink | G16: Conc. Of ETOH | H16: # of drinks | I16: # of oz per drink | J16: Conc. Of ETOH | K16: # of drinks | L16: # of oz per drink | M16: Conc. Of ETOH | N16: # of drinks | O16: # of oz per drink | P16: Conc. Of ETOH | Q16: Total SDUs
A17: Monday | Q17: =((B17*C17)*D17/0.5) + ((E17*F17)*G17/0.5) +((H17*I17)*J17/0.5) +((K17*L17)*M17/0.5) + ((N17*O17)*P17/0.5) -> 0
A18: Tuesday | Q18: =((B18*C18)*D18/0.5) + ((E18*F18)*G18/0.5) +((H18*I18)*J18/0.5) +((K18*L18)*M18/0.5) + ((N18*O18)*P18/0.5) -> 0
A19: Wednesday | Q19: =((B19*C19)*D19/0.5) + ((E19*F19)*G19/0.5) +((H19*I19)*J19/0.5) +((K19*L19)*M19/0.5) + ((N19*O19)*P19/0.5) -> 0
A20: Thursday | Q20: =((B20*C20)*D20/0.5) + ((E20*F20)*G20/0.5) +((H20*I20)*J20/0.5) +((K20*L20)*M20/0.5) + ((N20*O20)*P20/0.5) -> 0
A21: Friday | Q21: =((B21*C21)*D21/0.5) + ((E21*F21)*G21/0.5) +((H21*I21)*J21/0.5) +((K21*L21)*M21/0.5) + ((N21*O21)*P21/0.5) -> 0
A22: Saturday | Q22: =((B22*C22)*D22/0.5) + ((E22*F22)*G22/0.5) +((H22*I22)*J22/0.5) +((K22*L22)*M22/0.5) + ((N22*O22)*P22/0.5) -> 0
A23: Sunday | Q23: =((B23*C23)*D23/0.5) + ((E23*F23)*G23/0.5) +((H23*I23)*J23/0.5) +((K23*L23)*M23/0.5) + ((N23*O23)*P23/0.5) -> 0

Sheet Eligibility
B2: TLFB ELIGIBILITY INFORMATION
D5: SUBJECT ID: | E5: =Calculator!H4 -> 1
E6: =IF(Calculator!H5="","",IF(Calculator!H5=1,"MALE","FEMALE")) -> FEMALE
B8: =Calculator!BQ9 -> There are 84 days of missing drinking data in 90-day screening assessment period. Missing Baseline screening data must be collected prior to randomization.
B12: Average number of drinks per day during the 90-day screening period (total drinks consumed/90) | C12: =IF(Calculator!BQ16>0,"MISSING DATA",Calculator!AF8) -> MISSING DATA
B13: Total number of abstinent days in the 90-day screening period | C13: =IF(Calculator!BQ16>0,"MISSING DATA",90-Calculator!X104) -> MISSING DATA
B14: Does the participant have any periods during screening with 8 weeks on consecutive abstinence? | C14: =IF(Calculator!BQ16>0,"MISSSING DATA",IF(Calculator!AB98>0,"Yes","No")) -> MISSSING DATA

Sheet Dup Calc
A1: REMINDER: CUT & PASTE WILL CORRUPT FORMULAS ALWAYS USE COPY & PASTE | J1: Please use calculator to convert Drinks to Standard Drinking Units
E3: Input Subject ID and Sex | K3: Input date below | W3: Days -1 to -90 prior ICF:
A4: Staff Initials (calculation) | E4: Subject ID | K4: Date of Screening | W4: Days between ICF and RAND: | AB4: =O5-O4 -> 0
E5: Study Visit Name | Q5: =O4+45 -> 45
AQ6: Day of the week Pattern Chart 1 | AY6: Day of the week Pattern Chart 2
E7: Beverage type #1 | H7: Beverage type #2 | K7: Beverage type #3 | N7: Beverage type #4 | Q7: Beverage type #5 | AQ7: 2 | AR7: 3 | AS7: 4 | AT7: 5 | AU7: 6 | AV7: 7 | AW7: 1 | AY7: 2 | AZ7: 3 | BA7: 4 | BB7: 5 | BC7: 6 | BD7: 7 | BE7: 1 | BH7: Check for Missing data
A8: Drinking Day | B8: Day | C8: Date | D8: Pattern P1 A BLANK | E8: # of drinks | F8: # of oz per drink | G8: Conc. Of ETOH (ABV) | H8: # of drinks | I8: # of oz per drink | J8: Conc. Of ETOH (ABV) | K8: # of drinks | L8: # of oz per drink | M8: Conc. Of ETOH (ABV) | N8: # of drinks | O8: # of oz per drink | P8: Conc. Of ETOH (ABV) | Q8: # of drinks | R8: # of oz per drink | S8: Conc. Of ETOH (ABV) | T8: Total SDUs | U8: Validity Check | W8: Is drinking data valid | AD8: Average drinks per day in screening | AE8: =T104/W104 -> 0 | AG8: =CONCATENATE("The subject has consumed an average of ",AE8," drinks per day in the 90 days prior to consent") -> The subject has consumed an average of 0 drinks per day in the 90 days prior to consent | AK8: P1 Value | AL8: P2 Value | AM8: If P1 is True = day of week | AN8: If P2 is True = day of week | AP8: Coded Day of week | AQ8: P1 MON | AR8: P1 TUES | AS8: P1 WED | AT8: P1 THR | AU8: P1 FRI | AV8: P1 SAT | AW8: P1 SUN | AY8: P2 MON | AZ8: P2 TUES | BA8: P2 WED | BB8: P2 THR | BC8: P2 FRI | BD8: P2 SAT | BE8: P2 SUN | BH8: BEV1 | BI8: BEV2 | BJ8: BEV3 | BK8: BEV4 | BL8: BEV5 | BM8: Valid data for day (=1) no valid data (=0) | BP8: Text Strings
A9: -90 | B9: =B10-1 -> -90 | C9: =C10-1 -> -90 | T9: =IF(BM9=0,"M",IF(D9="p1",AK9,IF(D9="p2",AL9,IF(D9="A",0,((E9*F9)*G9/0.6)+((H9*I9)*J9/0.6)+((K9*L9)*M9/0.6)+((N9*O9)*P9/0.6)+((Q9*R9)*S9/0.6))))) -> M | U9: =IF(T9=Calculator!T9,"VALID","ERROR") -> ERROR | W9: =IF(U9="VALID",0,IF(U9="ERROR",1,0)) -> 1 | AK9: =IF(AM9=1,AW9,IF(AM9=2,AQ9,IF(AM9=3,AR9,IF(AM9=4,AS9,IF(AM9=5,AT9,IF(AM9=6,AU9,IF(AM9=7,AV9))))))) -> FALSE | AL9: =IF(AN9=1,BE9,IF(AN9=2,AY9,IF(AN9=3,AZ9,IF(AN9=4,BA9,IF(AN9=5,BB9,IF(AN9=6,BC9,IF(AN9=7,BD9))))))) -> FALSE | AM9: =IF(D9="p1",AP9,"no") -> no | AN9: =IF(D9="p2",AP9,"no") -> no | AP9: =WEEKDAY(C9) -> #NUM! | AQ9: ='Dup P1 Chart'!Q4 -> M | AR9: ='Dup P1 Chart'!Q5 -> M | AS9: ='Dup P1 Chart'!Q6 -> M | AT9: ='Dup P1 Chart'!Q7 -> M | AU9: ='Dup P1 Chart'!Q8 -> M | AV9: ='Dup P1 Chart'!Q9 -> M | AW9: ='Dup P1 Chart'!Q10 -> M | AY9: ='P1 Chart'!Q17 -> 0 | AZ9: ='P1 Chart'!Q18 -> 0 | BA9: ='P1 Chart'!Q19 -> 0 | BB9: ='P1 Chart'!Q20 -> 0 | BC9: ='P1 Chart'!Q21 -> 0 | BD9: ='P1 Chart'!Q22 -> 0 | BE9: ='P1 Chart'!Q23 -> 0 | BH9: =IF(OR(E9="",F9="",G9=""),"M",1) -> M | BI9: =IF(OR(H9="",I9="",J9=""),"M",1) -> M | BJ9: =IF(OR(K9="",L9="",M9=""),"M",1) -> M | BK9: =IF(OR(N9="",O9="",P9=""),"M",1) -> M | BL9: =IF(OR(Q9="",R9="",S9=""),"M",1) -> M | BM9: =IF(AND(BH9="M",BI9="M",BJ9="M",BK9="M",BL9="M",D9=""),0,1) -> 0 | BN9: =SUM(BM9:BM98) -> 0 | BP9: =IF(BN9=28,BP19,BP13) -> There are 90 days of missing drinking data in 90-day screening assessment period. Missing Baseline screening data must be collected prior to randomization.
A10: -89 | B10: =B11-1 -> -89 | C10: =C11-1 -> -89 | T10: =IF(BM10=0,"M",IF(D10="p1",AK10,IF(D10="p2",AL10,IF(D10="A",0,((E10*F10)*G10/0.6)+((H10*I10)*J10/0.6)+((K10*L10)*M10/0.6)+((N10*O10)*P10/0.6)+((Q10*R10)*S10/0.6))))) -> M | U10: =IF(T10=Calculator!T10,"VALID","ERROR") -> ERROR | W10: =IF(U10="VALID",0,IF(U10="ERROR",1,0)) -> 1 | AK10: =IF(AM10=1,AW10,IF(AM10=2,AQ10,IF(AM10=3,AR10,IF(AM10=4,AS10,IF(AM10=5,AT10,IF(AM10=6,AU10,IF(AM10=7,AV10))))))) -> FALSE | AL10: =IF(AN10=1,BE10,IF(AN10=2,AY10,IF(AN10=3,AZ10,IF(AN10=4,BA10,IF(AN10=5,BB10,IF(AN10=6,BC10,IF(AN10=7,BD10))))))) -> FALSE | AM10: =IF(D10="p1",AP10,"no") -> no | AN10: =IF(D10="p2",AP10,"no") -> no | AP10: =WEEKDAY(C10) -> #NUM! | AQ10: =AQ9 -> M | AR10: =AR9 -> M | AS10: =AS9 -> M | AT10: =AT9 -> M | AU10: =AU9 -> M | AV10: =AV9 -> M | AW10: =AW9 -> M | AY10: =AY9 -> 0 | AZ10: =AZ9 -> 0 | BA10: =BA9 -> 0 | BB10: =BB9 -> 0 | BC10: =BC9 -> 0 | BD10: =BD9 -> 0 | BE10: =BE9 -> 0 | BH10: =IF(OR(E10="",F10="",G10=""),"M",1) -> M | BI10: =IF(OR(H10="",I10="",J10=""),"M",1) -> M | BJ10: =IF(OR(K10="",L10="",M10=""),"M",1) -> M | BK10: =IF(OR(N10="",O10="",P10=""),"M",1) -> M | BL10: =IF(OR(Q10="",R10="",S10=""),"M",1) -> M | BM10: =IF(AND(BH10="M",BI10="M",BJ10="M",BK10="M",BL10="M",D10=""),0,1) -> 0 | BN10: 90
A11: -88 | B11: =B12-1 -> -88 | C11: =C12-1 -> -88 | T11: =IF(BM11=0,"M",IF(D11="p1",AK11,IF(D11="p2",AL11,IF(D11="A",0,((E11*F11)*G11/0.6)+((H11*I11)*J11/0.6)+((K11*L11)*M11/0.6)+((N11*O11)*P11/0.6)+((Q11*R11)*S11/0.6))))) -> M | U11: =IF(T11=Calculator!T11,"VALID","ERROR") -> ERROR | W11: =IF(U11="VALID",0,IF(U11="ERROR",1,0)) -> 1 | AK11: =IF(AM11=1,AW11,IF(AM11=2,AQ11,IF(AM11=3,AR11,IF(AM11=4,AS11,IF(AM11=5,AT11,IF(AM11=6,AU11,IF(AM11=7,AV11))))))) -> FALSE | AL11: =IF(AN11=1,BE11,IF(AN11=2,AY11,IF(AN11=3,AZ11,IF(AN11=4,BA11,IF(AN11=5,BB11,IF(AN11=6,BC11,IF(AN11=7,BD11))))))) -> FALSE | AM11: =IF(D11="p1",AP11,"no") -> no | AN11: =IF(D11="p2",AP11,"no") -> no | AP11: =WEEKDAY(C11) -> #NUM! | AQ11: =AQ10 -> M | AR11: =AR10 -> M | AS11: =AS10 -> M | AT11: =AT10 -> M | AU11: =AU10 -> M | AV11: =AV10 -> M | AW11: =AW10 -> M | AY11: =AY10 -> 0 | AZ11: =AZ10 -> 0 | BA11: =BA10 -> 0 | BB11: =BB10 -> 0 | BC11: =BC10 -> 0 | BD11: =BD10 -> 0 | BE11: =BE10 -> 0 | BH11: =IF(OR(E11="",F11="",G11=""),"M",1) -> M | BI11: =IF(OR(H11="",I11="",J11=""),"M",1) -> M | BJ11: =IF(OR(K11="",L11="",M11=""),"M",1) -> M | BK11: =IF(OR(N11="",O11="",P11=""),"M",1) -> M | BL11: =IF(OR(Q11="",R11="",S11=""),"M",1) -> M | BM11: =IF(AND(BH11="M",BI11="M",BJ11="M",BK11="M",BL11="M",D11=""),0,1) -> 0
A12: -87 | B12: =B13-1 -> -87 | C12: =C13-1 -> -87 | T12: =IF(BM12=0,"M",IF(D12="p1",AK12,IF(D12="p2",AL12,IF(D12="A",0,((E12*F12)*G12/0.6)+((H12*I12)*J12/0.6)+((K12*L12)*M12/0.6)+((N12*O12)*P12/0.6)+((Q12*R12)*S12/0.6))))) -> M | U12: =IF(T12=Calculator!T12,"VALID","ERROR") -> ERROR | W12: =IF(U12="VALID",0,IF(U12="ERROR",1,0)) -> 1 | AK12: =IF(AM12=1,AW12,IF(AM12=2,AQ12,IF(AM12=3,AR12,IF(AM12=4,AS12,IF(AM12=5,AT12,IF(AM12=6,AU12,IF(AM12=7,AV12))))))) -> FALSE | AL12: =IF(AN12=1,BE12,IF(AN12=2,AY12,IF(AN12=3,AZ12,IF(AN12=4,BA12,IF(AN12=5,BB12,IF(AN12=6,BC12,IF(AN12=7,BD12))))))) -> FALSE | AM12: =IF(D12="p1",AP12,"no") -> no | AN12: =IF(D12="p2",AP12,"no") -> no | AP12: =WEEKDAY(C12) -> #NUM! | AQ12: =AQ11 -> M | AR12: =AR11 -> M | AS12: =AS11 -> M | AT12: =AT11 -> M | AU12: =AU11 -> M | AV12: =AV11 -> M | AW12: =AW11 -> M | AY12: =AY11 -> 0 | AZ12: =AZ11 -> 0 | BA12: =BA11 -> 0 | BB12: =BB11 -> 0 | BC12: =BC11 -> 0 | BD12: =BD11 -> 0 | BE12: =BE11 -> 0 | BH12: =IF(OR(E12="",F12="",G12=""),"M",1) -> M | BI12: =IF(OR(H12="",I12="",J12=""),"M",1) -> M | BJ12: =IF(OR(K12="",L12="",M12=""),"M",1) -> M | BK12: =IF(OR(N12="",O12="",P12=""),"M",1) -> M | BL12: =IF(OR(Q12="",R12="",S12=""),"M",1) -> M | BM12: =IF(AND(BH12="M",BI12="M",BJ12="M",BK12="M",BL12="M",D12=""),0,1) -> 0
A13: -86 | B13: =B14-1 -> -86 | C13: =C14-1 -> -86 | T13: =IF(BM13=0,"M",IF(D13="p1",AK13,IF(D13="p2",AL13,IF(D13="A",0,((E13*F13)*G13/0.6)+((H13*I13)*J13/0.6)+((K13*L13)*M13/0.6)+((N13*O13)*P13/0.6)+((Q13*R13)*S13/0.6))))) -> M | U13: =IF(T13=Calculator!T13,"VALID","ERROR") -> VALID | W13: =IF(U13="VALID",0,IF(U13="ERROR",1,0)) -> 0 | AK13: =IF(AM13=1,AW13,IF(AM13=2,AQ13,IF(AM13=3,AR13,IF(AM13=4,AS13,IF(AM13=5,AT13,IF(AM13=6,AU13,IF(AM13=7,AV13))))))) -> FALSE | AL13: =IF(AN13=1,BE13,IF(AN13=2,AY13,IF(AN13=3,AZ13,IF(AN13=4,BA13,IF(AN13=5,BB13,IF(AN13=6,BC13,IF(AN13=7,BD13))))))) -> FALSE | AM13: =IF(D13="p1",AP13,"no") -> no | AN13: =IF(D13="p2",AP13,"no") -> no | AP13: =WEEKDAY(C13) -> #NUM! | AQ13: =AQ12 -> M | AR13: =AR12 -> M | AS13: =AS12 -> M | AT13: =AT12 -> M | AU13: =AU12 -> M | AV13: =AV12 -> M | AW13: =AW12 -> M | AY13: =AY12 -> 0 | AZ13: =AZ12 -> 0 | BA13: =BA12 -> 0 | BB13: =BB12 -> 0 | BC13: =BC12 -> 0 | BD13: =BD12 -> 0 | BE13: =BE12 -> 0 | BH13: =IF(OR(E13="",F13="",G13=""),"M",1) -> M | BI13: =IF(OR(H13="",I13="",J13=""),"M",1) -> M | BJ13: =IF(OR(K13="",L13="",M13=""),"M",1) -> M | BK13: =IF(OR(N13="",O13="",P13=""),"M",1) -> M | BL13: =IF(OR(Q13="",R13="",S13=""),"M",1) -> M | BM13: =IF(AND(BH13="M",BI13="M",BJ13="M",BK13="M",BL13="M",D13=""),0,1) -> 0 | BP13: =CONCATENATE("There ",BP15," ",BP16," ",BP17," of missing drinking data in 90-day screening assessment period. ",BP18) -> There are 90 days of missing drinking data in 90-day screening assessment period. Missing Baseline screening data must be collected prior to randomization.
A14: -85 | B14: =B15-1 -> -85 | C14: =C15-1 -> -85 | T14: =IF(BM14=0,"M",IF(D14="p1",AK14,IF(D14="p2",AL14,IF(D14="A",0,((E14*F14)*G14/0.6)+((H14*I14)*J14/0.6)+((K14*L14)*M14/0.6)+((N14*O14)*P14/0.6)+((Q14*R14)*S14/0.6))))) -> M | U14: =IF(T14=Calculator!T14,"VALID","ERROR") -> VALID | W14: =IF(U14="VALID",0,IF(U14="ERROR",1,0)) -> 0 | AK14: =IF(AM14=1,AW14,IF(AM14=2,AQ14,IF(AM14=3,AR14,IF(AM14=4,AS14,IF(AM14=5,AT14,IF(AM14=6,AU14,IF(AM14=7,AV14))))))) -> FALSE | AL14: =IF(AN14=1,BE14,IF(AN14=2,AY14,IF(AN14=3,AZ14,IF(AN14=4,BA14,IF(AN14=5,BB14,IF(AN14=6,BC14,IF(AN14=7,BD14))))))) -> FALSE | AM14: =IF(D14="p1",AP14,"no") -> no | AN14: =IF(D14="p2",AP14,"no") -> no | AP14: =WEEKDAY(C14) -> #NUM! | AQ14: =AQ13 -> M | AR14: =AR13 -> M | AS14: =AS13 -> M | AT14: =AT13 -> M | AU14: =AU13 -> M | AV14: =AV13 -> M | AW14: =AW13 -> M | AY14: =AY13 -> 0 | AZ14: =AZ13 -> 0 | BA14: =BA13 -> 0 | BB14: =BB13 -> 0 | BC14: =BC13 -> 0 | BD14: =BD13 -> 0 | BE14: =BE13 -> 0 | BH14: =IF(OR(E14="",F14="",G14=""),"M",1) -> M | BI14: =IF(OR(H14="",I14="",J14=""),"M",1) -> M | BJ14: =IF(OR(K14="",L14="",M14=""),"M",1) -> M | BK14: =IF(OR(N14="",O14="",P14=""),"M",1) -> M | BL14: =IF(OR(Q14="",R14="",S14=""),"M",1) -> M | BM14: =IF(AND(BH14="M",BI14="M",BJ14="M",BK14="M",BL14="M",D14=""),0,1) -> 0
A15: -84 | B15: =B16-1 -> -84 | C15: =C16-1 -> -84 | T15: =IF(BM15=0,"M",IF(D15="p1",AK15,IF(D15="p2",AL15,IF(D15="A",0,((E15*F15)*G15/0.6)+((H15*I15)*J15/0.6)+((K15*L15)*M15/0.6)+((N15*O15)*P15/0.6)+((Q15*R15)*S15/0.6))))) -> M | U15: =IF(T15=Calculator!T15,"VALID","ERROR") -> VALID | W15: =IF(U15="VALID",0,IF(U15="ERROR",1,0)) -> 0 | AK15: =IF(AM15=1,AW15,IF(AM15=2,AQ15,IF(AM15=3,AR15,IF(AM15=4,AS15,IF(AM15=5,AT15,IF(AM15=6,AU15,IF(AM15=7,AV15))))))) -> FALSE | AL15: =IF(AN15=1,BE15,IF(AN15=2,AY15,IF(AN15=3,AZ15,IF(AN15=4,BA15,IF(AN15=5,BB15,IF(AN15=6,BC15,IF(AN15=7,BD15))))))) -> FALSE | AM15: =IF(D15="p1",AP15,"no") -> no | AN15: =IF(D15="p2",AP15,"no") -> no | AP15: =WEEKDAY(C15) -> #NUM! | AQ15: =AQ14 -> M | AR15: =AR14 -> M | AS15: =AS14 -> M | AT15: =AT14 -> M | AU15: =AU14 -> M | AV15: =AV14 -> M | AW15: =AW14 -> M | AY15: =AY14 -> 0 | AZ15: =AZ14 -> 0 | BA15: =BA14 -> 0 | BB15: =BB14 -> 0 | BC15: =BC14 -> 0 | BD15: =BD14 -> 0 | BE15: =BE14 -> 0 | BH15: =IF(OR(E15="",F15="",G15=""),"M",1) -> M | BI15: =IF(OR(H15="",I15="",J15=""),"M",1) -> M | BJ15: =IF(OR(K15="",L15="",M15=""),"M",1) -> M | BK15: =IF(OR(N15="",O15="",P15=""),"M",1) -> M | BL15: =IF(OR(Q15="",R15="",S15=""),"M",1) -> M | BM15: =IF(AND(BH15="M",BI15="M",BJ15="M",BK15="M",BL15="M",D15=""),0,1) -> 0 | BP15: =IF(BP16=1,"is","are") -> are
A16: -83 | B16: =B17-1 -> -83 | C16: =C17-1 -> -83 | T16: =IF(BM16=0,"M",IF(D16="p1",AK16,IF(D16="p2",AL16,IF(D16="A",0,((E16*F16)*G16/0.6)+((H16*I16)*J16/0.6)+((K16*L16)*M16/0.6)+((N16*O16)*P16/0.6)+((Q16*R16)*S16/0.6))))) -> M | U16: =IF(T16=Calculator!T16,"VALID","ERROR") -> VALID | W16: =IF(U16="VALID",0,IF(U16="ERROR",1,0)) -> 0 | AK16: =IF(AM16=1,AW16,IF(AM16=2,AQ16,IF(AM16=3,AR16,IF(AM16=4,AS16,IF(AM16=5,AT16,IF(AM16=6,AU16,IF(AM16=7,AV16))))))) -> FALSE | AL16: =IF(AN16=1,BE16,IF(AN16=2,AY16,IF(AN16=3,AZ16,IF(AN16=4,BA16,IF(AN16=5,BB16,IF(AN16=6,BC16,IF(AN16=7,BD16))))))) -> FALSE | AM16: =IF(D16="p1",AP16,"no") -> no | AN16: =IF(D16="p2",AP16,"no") -> no | AP16: =WEEKDAY(C16) -> #NUM! | AQ16: =AQ15 -> M | AR16: =AR15 -> M | AS16: =AS15 -> M | AT16: =AT15 -> M | AU16: =AU15 -> M | AV16: =AV15 -> M | AW16: =AW15 -> M | AY16: =AY15 -> 0 | AZ16: =AZ15 -> 0 | BA16: =BA15 -> 0 | BB16: =BB15 -> 0 | BC16: =BC15 -> 0 | BD16: =BD15 -> 0 | BE16: =BE15 -> 0 | BH16: =IF(OR(E16="",F16="",G16=""),"M",1) -> M | BI16: =IF(OR(H16="",I16="",J16=""),"M",1) -> M | BJ16: =IF(OR(K16="",L16="",M16=""),"M",1) -> M | BK16: =IF(OR(N16="",O16="",P16=""),"M",1) -> M | BL16: =IF(OR(Q16="",R16="",S16=""),"M",1) -> M | BM16: =IF(AND(BH16="M",BI16="M",BJ16="M",BK16="M",BL16="M",D16=""),0,1) -> 0 | BP16: =BN10-BN9 -> 90
A17: -82 | B17: =B18-1 -> -82 | C17: =C18-1 -> -82 | T17: =IF(BM17=0,"M",IF(D17="p1",AK17,IF(D17="p2",AL17,IF(D17="A",0,((E17*F17)*G17/0.6)+((H17*I17)*J17/0.6)+((K17*L17)*M17/0.6)+((N17*O17)*P17/0.6)+((Q17*R17)*S17/0.6))))) -> M | U17: =IF(T17=Calculator!T17,"VALID","ERROR") -> VALID | W17: =IF(U17="VALID",0,IF(U17="ERROR",1,0)) -> 0 | AK17: =IF(AM17=1,AW17,IF(AM17=2,AQ17,IF(AM17=3,AR17,IF(AM17=4,AS17,IF(AM17=5,AT17,IF(AM17=6,AU17,IF(AM17=7,AV17))))))) -> FALSE | AL17: =IF(AN17=1,BE17,IF(AN17=2,AY17,IF(AN17=3,AZ17,IF(AN17=4,BA17,IF(AN17=5,BB17,IF(AN17=6,BC17,IF(AN17=7,BD17))))))) -> FALSE | AM17: =IF(D17="p1",AP17,"no") -> no | AN17: =IF(D17="p2",AP17,"no") -> no | AP17: =WEEKDAY(C17) -> #NUM! | AQ17: =AQ16 -> M | AR17: =AR16 -> M | AS17: =AS16 -> M | AT17: =AT16 -> M | AU17: =AU16 -> M | AV17: =AV16 -> M | AW17: =AW16 -> M | AY17: =AY16 -> 0 | AZ17: =AZ16 -> 0 | BA17: =BA16 -> 0 | BB17: =BB16 -> 0 | BC17: =BC16 -> 0 | BD17: =BD16 -> 0 | BE17: =BE16 -> 0 | BH17: =IF(OR(E17="",F17="",G17=""),"M",1) -> M | BI17: =IF(OR(H17="",I17="",J17=""),"M",1) -> M | BJ17: =IF(OR(K17="",L17="",M17=""),"M",1) -> M | BK17: =IF(OR(N17="",O17="",P17=""),"M",1) -> M | BL17: =IF(OR(Q17="",R17="",S17=""),"M",1) -> M | BM17: =IF(AND(BH17="M",BI17="M",BJ17="M",BK17="M",BL17="M",D17=""),0,1) -> 0 | BP17: =IF(BP16=1,"day","days") -> days
A18: -81 | B18: =B19-1 -> -81 | C18: =C19-1 -> -81 | T18: =IF(BM18=0,"M",IF(D18="p1",AK18,IF(D18="p2",AL18,IF(D18="A",0,((E18*F18)*G18/0.6)+((H18*I18)*J18/0.6)+((K18*L18)*M18/0.6)+((N18*O18)*P18/0.6)+((Q18*R18)*S18/0.6))))) -> M | U18: =IF(T18=Calculator!T18,"VALID","ERROR") -> VALID | W18: =IF(U18="VALID",0,IF(U18="ERROR",1,0)) -> 0 | AK18: =IF(AM18=1,AW18,IF(AM18=2,AQ18,IF(AM18=3,AR18,IF(AM18=4,AS18,IF(AM18=5,AT18,IF(AM18=6,AU18,IF(AM18=7,AV18))))))) -> FALSE | AL18: =IF(AN18=1,BE18,IF(AN18=2,AY18,IF(AN18=3,AZ18,IF(AN18=4,BA18,IF(AN18=5,BB18,IF(AN18=6,BC18,IF(AN18=7,BD18))))))) -> FALSE | AM18: =IF(D18="p1",AP18,"no") -> no | AN18: =IF(D18="p2",AP18,"no") -> no | AP18: =WEEKDAY(C18) -> #NUM! | AQ18: =AQ17 -> M | AR18: =AR17 -> M | AS18: =AS17 -> M | AT18: =AT17 -> M | AU18: =AU17 -> M | AV18: =AV17 -> M | AW18: =AW17 -> M | AY18: =AY17 -> 0 | AZ18: =AZ17 -> 0 | BA18: =BA17 -> 0 | BB18: =BB17 -> 0 | BC18: =BC17 -> 0 | BD18: =BD17 -> 0 | BE18: =BE17 -> 0 | BH18: =IF(OR(E18="",F18="",G18=""),"M",1) -> M | BI18: =IF(OR(H18="",I18="",J18=""),"M",1) -> M | BJ18: =IF(OR(K18="",L18="",M18=""),"M",1) -> M | BK18: =IF(OR(N18="",O18="",P18=""),"M",1) -> M | BL18: =IF(OR(Q18="",R18="",S18=""),"M",1) -> M | BM18: =IF(AND(BH18="M",BI18="M",BJ18="M",BK18="M",BL18="M",D18=""),0,1) -> 0 | BP18: Missing Baseline screening data must be collected prior to randomization.
A19: -80 | B19: =B20-1 -> -80 | C19: =C20-1 -> -80 | T19: =IF(BM19=0,"M",IF(D19="p1",AK19,IF(D19="p2",AL19,IF(D19="A",0,((E19*F19)*G19/0.6)+((H19*I19)*J19/0.6)+((K19*L19)*M19/0.6)+((N19*O19)*P19/0.6)+((Q19*R19)*S19/0.6))))) -> M | U19: =IF(T19=Calculator!T19,"VALID","ERROR") -> VALID | W19: =IF(U19="VALID",0,IF(U19="ERROR",1,0)) -> 0 | AK19: =IF(AM19=1,AW19,IF(AM19=2,AQ19,IF(AM19=3,AR19,IF(AM19=4,AS19,IF(AM19=5,AT19,IF(AM19=6,AU19,IF(AM19=7,AV19))))))) -> FALSE | AL19: =IF(AN19=1,BE19,IF(AN19=2,AY19,IF(AN19=3,AZ19,IF(AN19=4,BA19,IF(AN19=5,BB19,IF(AN19=6,BC19,IF(AN19=7,BD19))))))) -> FALSE | AM19: =IF(D19="p1",AP19,"no") -> no | AN19: =IF(D19="p2",AP19,"no") -> no | AP19: =WEEKDAY(C19) -> #NUM! | AQ19: =AQ18 -> M | AR19: =AR18 -> M | AS19: =AS18 -> M | AT19: =AT18 -> M | AU19: =AU18 -> M | AV19: =AV18 -> M | AW19: =AW18 -> M | AY19: =AY18 -> 0 | AZ19: =AZ18 -> 0 | BA19: =BA18 -> 0 | BB19: =BB18 -> 0 | BC19: =BC18 -> 0 | BD19: =BD18 -> 0 | BE19: =BE18 -> 0 | BH19: =IF(OR(E19="",F19="",G19=""),"M",1) -> M | BI19: =IF(OR(H19="",I19="",J19=""),"M",1) -> M | BJ19: =IF(OR(K19="",L19="",M19=""),"M",1) -> M | BK19: =IF(OR(N19="",O19="",P19=""),"M",1) -> M | BL19: =IF(OR(Q19="",R19="",S19=""),"M",1) -> M | BM19: =IF(AND(BH19="M",BI19="M",BJ19="M",BK19="M",BL19="M",D19=""),0,1) -> 0 | BP19: Screening Drinking Data Complete
A20: -79 | B20: =B21-1 -> -79 | C20: =C21-1 -> -79 | T20: =IF(BM20=0,"M",IF(D20="p1",AK20,IF(D20="p2",AL20,IF(D20="A",0,((E20*F20)*G20/0.6)+((H20*I20)*J20/0.6)+((K20*L20)*M20/0.6)+((N20*O20)*P20/0.6)+((Q20*R20)*S20/0.6))))) -> M | U20: =IF(T20=Calculator!T20,"VALID","ERROR") -> VALID | W20: =IF(U20="VALID",0,IF(U20="ERROR",1,0)) -> 0 | AK20: =IF(AM20=1,AW20,IF(AM20=2,AQ20,IF(AM20=3,AR20,IF(AM20=4,AS20,IF(AM20=5,AT20,IF(AM20=6,AU20,IF(AM20=7,AV20))))))) -> FALSE | AL20: =IF(AN20=1,BE20,IF(AN20=2,AY20,IF(AN20=3,AZ20,IF(AN20=4,BA20,IF(AN20=5,BB20,IF(AN20=6,BC20,IF(AN20=7,BD20))))))) -> FALSE | AM20: =IF(D20="p1",AP20,"no") -> no | AN20: =IF(D20="p2",AP20,"no") -> no | AP20: =WEEKDAY(C20) -> #NUM! | AQ20: =AQ19 -> M | AR20: =AR19 -> M | AS20: =AS19 -> M | AT20: =AT19 -> M | AU20: =AU19 -> M | AV20: =AV19 -> M | AW20: =AW19 -> M | AY20: =AY19 -> 0 | AZ20: =AZ19 -> 0 | BA20: =BA19 -> 0 | BB20: =BB19 -> 0 | BC20: =BC19 -> 0 | BD20: =BD19 -> 0 | BE20: =BE19 -> 0 | BH20: =IF(OR(E20="",F20="",G20=""),"M",1) -> M | BI20: =IF(OR(H20="",I20="",J20=""),"M",1) -> M | BJ20: =IF(OR(K20="",L20="",M20=""),"M",1) -> M | BK20: =IF(OR(N20="",O20="",P20=""),"M",1) -> M | BL20: =IF(OR(Q20="",R20="",S20=""),"M",1) -> M | BM20: =IF(AND(BH20="M",BI20="M",BJ20="M",BK20="M",BL20="M",D20=""),0,1) -> 0
A21: -78 | B21: =B22-1 -> -78 | C21: =C22-1 -> -78 | T21: =IF(BM21=0,"M",IF(D21="p1",AK21,IF(D21="p2",AL21,IF(D21="A",0,((E21*F21)*G21/0.6)+((H21*I21)*J21/0.6)+((K21*L21)*M21/0.6)+((N21*O21)*P21/0.6)+((Q21*R21)*S21/0.6))))) -> M | U21: =IF(T21=Calculator!T21,"VALID","ERROR") -> VALID | W21: =IF(U21="VALID",0,IF(U21="ERROR",1,0)) -> 0 | AK21: =IF(AM21=1,AW21,IF(AM21=2,AQ21,IF(AM21=3,AR21,IF(AM21=4,AS21,IF(AM21=5,AT21,IF(AM21=6,AU21,IF(AM21=7,AV21))))))) -> FALSE | AL21: =IF(AN21=1,BE21,IF(AN21=2,AY21,IF(AN21=3,AZ21,IF(AN21=4,BA21,IF(AN21=5,BB21,IF(AN21=6,BC21,IF(AN21=7,BD21))))))) -> FALSE | AM21: =IF(D21="p1",AP21,"no") -> no | AN21: =IF(D21="p2",AP21,"no") -> no | AP21: =WEEKDAY(C21) -> #NUM! | AQ21: =AQ20 -> M | AR21: =AR20 -> M | AS21: =AS20 -> M | AT21: =AT20 -> M | AU21: =AU20 -> M | AV21: =AV20 -> M | AW21: =AW20 -> M | AY21: =AY20 -> 0 | AZ21: =AZ20 -> 0 | BA21: =BA20 -> 0 | BB21: =BB20 -> 0 | BC21: =BC20 -> 0 | BD21: =BD20 -> 0 | BE21: =BE20 -> 0 | BH21: =IF(OR(E21="",F21="",G21=""),"M",1) -> M | BI21: =IF(OR(H21="",I21="",J21=""),"M",1) -> M | BJ21: =IF(OR(K21="",L21="",M21=""),"M",1) -> M | BK21: =IF(OR(N21="",O21="",P21=""),"M",1) -> M | BL21: =IF(OR(Q21="",R21="",S21=""),"M",1) -> M | BM21: =IF(AND(BH21="M",BI21="M",BJ21="M",BK21="M",BL21="M",D21=""),0,1) -> 0
A22: -77 | B22: =B23-1 -> -77 | C22: =C23-1 -> -77 | T22: =IF(BM22=0,"M",IF(D22="p1",AK22,IF(D22="p2",AL22,IF(D22="A",0,((E22*F22)*G22/0.6)+((H22*I22)*J22/0.6)+((K22*L22)*M22/0.6)+((N22*O22)*P22/0.6)+((Q22*R22)*S22/0.6))))) -> M | U22: =IF(T22=Calculator!T22,"VALID","ERROR") -> VALID | W22: =IF(U22="VALID",0,IF(U22="ERROR",1,0)) -> 0 | AK22: =IF(AM22=1,AW22,IF(AM22=2,AQ22,IF(AM22=3,AR22,IF(AM22=4,AS22,IF(AM22=5,AT22,IF(AM22=6,AU22,IF(AM22=7,AV22))))))) -> FALSE | AL22: =IF(AN22=1,BE22,IF(AN22=2,AY22,IF(AN22=3,AZ22,IF(AN22=4,BA22,IF(AN22=5,BB22,IF(AN22=6,BC22,IF(AN22=7,BD22))))))) -> FALSE | AM22: =IF(D22="p1",AP22,"no") -> no | AN22: =IF(D22="p2",AP22,"no") -> no | AP22: =WEEKDAY(C22) -> #NUM! | AQ22: =AQ21 -> M | AR22: =AR21 -> M | AS22: =AS21 -> M | AT22: =AT21 -> M | AU22: =AU21 -> M | AV22: =AV21 -> M | AW22: =AW21 -> M | AY22: =AY21 -> 0 | AZ22: =AZ21 -> 0 | BA22: =BA21 -> 0 | BB22: =BB21 -> 0 | BC22: =BC21 -> 0 | BD22: =BD21 -> 0 | BE22: =BE21 -> 0 | BH22: =IF(OR(E22="",F22="",G22=""),"M",1) -> M | BI22: =IF(OR(H22="",I22="",J22=""),"M",1) -> M | BJ22: =IF(OR(K22="",L22="",M22=""),"M",1) -> M | BK22: =IF(OR(N22="",O22="",P22=""),"M",1) -> M | BL22: =IF(OR(Q22="",R22="",S22=""),"M",1) -> M | BM22: =IF(AND(BH22="M",BI22="M",BJ22="M",BK22="M",BL22="M",D22=""),0,1) -> 0
A23: -76 | B23: =B24-1 -> -76 | C23: =C24-1 -> -76 | T23: =IF(BM23=0,"M",IF(D23="p1",AK23,IF(D23="p2",AL23,IF(D23="A",0,((E23*F23)*G23/0.6)+((H23*I23)*J23/0.6)+((K23*L23)*M23/0.6)+((N23*O23)*P23/0.6)+((Q23*R23)*S23/0.6))))) -> M | U23: =IF(T23=Calculator!T23,"VALID","ERROR") -> VALID | W23: =IF(U23="VALID",0,IF(U23="ERROR",1,0)) -> 0 | AK23: =IF(AM23=1,AW23,IF(AM23=2,AQ23,IF(AM23=3,AR23,IF(AM23=4,AS23,IF(AM23=5,AT23,IF(AM23=6,AU23,IF(AM23=7,AV23))))))) -> FALSE | AL23: =IF(AN23=1,BE23,IF(AN23=2,AY23,IF(AN23=3,AZ23,IF(AN23=4,BA23,IF(AN23=5,BB23,IF(AN23=6,BC23,IF(AN23=7,BD23))))))) -> FALSE | AM23: =IF(D23="p1",AP23,"no") -> no | AN23: =IF(D23="p2",AP23,"no") -> no | AP23: =WEEKDAY(C23) -> #NUM! | AQ23: =AQ22 -> M | AR23: =AR22 -> M | AS23: =AS22 -> M | AT23: =AT22 -> M | AU23: =AU22 -> M | AV23: =AV22 -> M | AW23: =AW22 -> M | AY23: =AY22 -> 0 | AZ23: =AZ22 -> 0 | BA23: =BA22 -> 0 | BB23: =BB22 -> 0 | BC23: =BC22 -> 0 | BD23: =BD22 -> 0 | BE23: =BE22 -> 0 | BH23: =IF(OR(E23="",F23="",G23=""),"M",1) -> M | BI23: =IF(OR(H23="",I23="",J23=""),"M",1) -> M | BJ23: =IF(OR(K23="",L23="",M23=""),"M",1) -> M | BK23: =IF(OR(N23="",O23="",P23=""),"M",1) -> M | BL23: =IF(OR(Q23="",R23="",S23=""),"M",1) -> M | BM23: =IF(AND(BH23="M",BI23="M",BJ23="M",BK23="M",BL23="M",D23=""),0,1) -> 0
A24: -75 | B24: =B25-1 -> -75 | C24: =C25-1 -> -75 | T24: =IF(BM24=0,"M",IF(D24="p1",AK24,IF(D24="p2",AL24,IF(D24="A",0,((E24*F24)*G24/0.6)+((H24*I24)*J24/0.6)+((K24*L24)*M24/0.6)+((N24*O24)*P24/0.6)+((Q24*R24)*S24/0.6))))) -> M | U24: =IF(T24=Calculator!T24,"VALID","ERROR") -> VALID | W24: =IF(U24="VALID",0,IF(U24="ERROR",1,0)) -> 0 | AK24: =IF(AM24=1,AW24,IF(AM24=2,AQ24,IF(AM24=3,AR24,IF(AM24=4,AS24,IF(AM24=5,AT24,IF(AM24=6,AU24,IF(AM24=7,AV24))))))) -> FALSE | AL24: =IF(AN24=1,BE24,IF(AN24=2,AY24,IF(AN24=3,AZ24,IF(AN24=4,BA24,IF(AN24=5,BB24,IF(AN24=6,BC24,IF(AN24=7,BD24))))))) -> FALSE | AM24: =IF(D24="p1",AP24,"no") -> no | AN24: =IF(D24="p2",AP24,"no") -> no | AP24: =WEEKDAY(C24) -> #NUM! | AQ24: =AQ23 -> M | AR24: =AR23 -> M | AS24: =AS23 -> M | AT24: =AT23 -> M | AU24: =AU23 -> M | AV24: =AV23 -> M | AW24: =AW23 -> M | AY24: =AY23 -> 0 | AZ24: =AZ23 -> 0 | BA24: =BA23 -> 0 | BB24: =BB23 -> 0 | BC24: =BC23 -> 0 | BD24: =BD23 -> 0 | BE24: =BE23 -> 0 | BH24: =IF(OR(E24="",F24="",G24=""),"M",1) -> M | BI24: =IF(OR(H24="",I24="",J24=""),"M",1) -> M | BJ24: =IF(OR(K24="",L24="",M24=""),"M",1) -> M | BK24: =IF(OR(N24="",O24="",P24=""),"M",1) -> M | BL24: =IF(OR(Q24="",R24="",S24=""),"M",1) -> M | BM24: =IF(AND(BH24="M",BI24="M",BJ24="M",BK24="M",BL24="M",D24=""),0,1) -> 0
A25: -74 | B25: =B26-1 -> -74 | C25: =C26-1 -> -74 | T25: =IF(BM25=0,"M",IF(D25="p1",AK25,IF(D25="p2",AL25,IF(D25="A",0,((E25*F25)*G25/0.6)+((H25*I25)*J25/0.6)+((K25*L25)*M25/0.6)+((N25*O25)*P25/0.6)+((Q25*R25)*S25/0.6))))) -> M | U25: =IF(T25=Calculator!T25,"VALID","ERROR") -> VALID | W25: =IF(U25="VALID",0,IF(U25="ERROR",1,0)) -> 0 | AK25: =IF(AM25=1,AW25,IF(AM25=2,AQ25,IF(AM25=3,AR25,IF(AM25=4,AS25,IF(AM25=5,AT25,IF(AM25=6,AU25,IF(AM25=7,AV25))))))) -> FALSE | AL25: =IF(AN25=1,BE25,IF(AN25=2,AY25,IF(AN25=3,AZ25,IF(AN25=4,BA25,IF(AN25=5,BB25,IF(AN25=6,BC25,IF(AN25=7,BD25))))))) -> FALSE | AM25: =IF(D25="p1",AP25,"no") -> no | AN25: =IF(D25="p2",AP25,"no") -> no | AP25: =WEEKDAY(C25) -> #NUM! | AQ25: =AQ24 -> M | AR25: =AR24 -> M | AS25: =AS24 -> M | AT25: =AT24 -> M | AU25: =AU24 -> M | AV25: =AV24 -> M | AW25: =AW24 -> M | AY25: =AY24 -> 0 | AZ25: =AZ24 -> 0 | BA25: =BA24 -> 0 | BB25: =BB24 -> 0 | BC25: =BC24 -> 0 | BD25: =BD24 -> 0 | BE25: =BE24 -> 0 | BH25: =IF(OR(E25="",F25="",G25=""),"M",1) -> M | BI25: =IF(OR(H25="",I25="",J25=""),"M",1) -> M | BJ25: =IF(OR(K25="",L25="",M25=""),"M",1) -> M | BK25: =IF(OR(N25="",O25="",P25=""),"M",1) -> M | BL25: =IF(OR(Q25="",R25="",S25=""),"M",1) -> M | BM25: =IF(AND(BH25="M",BI25="M",BJ25="M",BK25="M",BL25="M",D25=""),0,1) -> 0
A26: -73 | B26: =B27-1 -> -73 | C26: =C27-1 -> -73 | T26: =IF(BM26=0,"M",IF(D26="p1",AK26,IF(D26="p2",AL26,IF(D26="A",0,((E26*F26)*G26/0.6)+((H26*I26)*J26/0.6)+((K26*L26)*M26/0.6)+((N26*O26)*P26/0.6)+((Q26*R26)*S26/0.6))))) -> M | U26: =IF(T26=Calculator!T26,"VALID","ERROR") -> VALID | W26: =IF(U26="VALID",0,IF(U26="ERROR",1,0)) -> 0 | AK26: =IF(AM26=1,AW26,IF(AM26=2,AQ26,IF(AM26=3,AR26,IF(AM26=4,AS26,IF(AM26=5,AT26,IF(AM26=6,AU26,IF(AM26=7,AV26))))))) -> FALSE | AL26: =IF(AN26=1,BE26,IF(AN26=2,AY26,IF(AN26=3,AZ26,IF(AN26=4,BA26,IF(AN26=5,BB26,IF(AN26=6,BC26,IF(AN26=7,BD26))))))) -> FALSE | AM26: =IF(D26="p1",AP26,"no") -> no | AN26: =IF(D26="p2",AP26,"no") -> no | AP26: =WEEKDAY(C26) -> #NUM! | AQ26: =AQ25 -> M | AR26: =AR25 -> M | AS26: =AS25 -> M | AT26: =AT25 -> M | AU26: =AU25 -> M | AV26: =AV25 -> M | AW26: =AW25 -> M | AY26: =AY25 -> 0 | AZ26: =AZ25 -> 0 | BA26: =BA25 -> 0 | BB26: =BB25 -> 0 | BC26: =BC25 -> 0 | BD26: =BD25 -> 0 | BE26: =BE25 -> 0 | BH26: =IF(OR(E26="",F26="",G26=""),"M",1) -> M | BI26: =IF(OR(H26="",I26="",J26=""),"M",1) -> M | BJ26: =IF(OR(K26="",L26="",M26=""),"M",1) -> M | BK26: =IF(OR(N26="",O26="",P26=""),"M",1) -> M | BL26: =IF(OR(Q26="",R26="",S26=""),"M",1) -> M | BM26: =IF(AND(BH26="M",BI26="M",BJ26="M",BK26="M",BL26="M",D26=""),0,1) -> 0
A27: -72 | B27: =B28-1 -> -72 | C27: =C28-1 -> -72 | T27: =IF(BM27=0,"M",IF(D27="p1",AK27,IF(D27="p2",AL27,IF(D27="A",0,((E27*F27)*G27/0.6)+((H27*I27)*J27/0.6)+((K27*L27)*M27/0.6)+((N27*O27)*P27/0.6)+((Q27*R27)*S27/0.6))))) -> M | U27: =IF(T27=Calculator!T27,"VALID","ERROR") -> VALID | W27: =IF(U27="VALID",0,IF(U27="ERROR",1,0)) -> 0 | AK27: =IF(AM27=1,AW27,IF(AM27=2,AQ27,IF(AM27=3,AR27,IF(AM27=4,AS27,IF(AM27=5,AT27,IF(AM27=6,AU27,IF(AM27=7,AV27))))))) -> FALSE | AL27: =IF(AN27=1,BE27,IF(AN27=2,AY27,IF(AN27=3,AZ27,IF(AN27=4,BA27,IF(AN27=5,BB27,IF(AN27=6,BC27,IF(AN27=7,BD27))))))) -> FALSE | AM27: =IF(D27="p1",AP27,"no") -> no | AN27: =IF(D27="p2",AP27,"no") -> no | AP27: =WEEKDAY(C27) -> #NUM! | AQ27: =AQ26 -> M | AR27: =AR26 -> M | AS27: =AS26 -> M | AT27: =AT26 -> M | AU27: =AU26 -> M | AV27: =AV26 -> M | AW27: =AW26 -> M | AY27: =AY26 -> 0 | AZ27: =AZ26 -> 0 | BA27: =BA26 -> 0 | BB27: =BB26 -> 0 | BC27: =BC26 -> 0 | BD27: =BD26 -> 0 | BE27: =BE26 -> 0 | BH27: =IF(OR(E27="",F27="",G27=""),"M",1) -> M | BI27: =IF(OR(H27="",I27="",J27=""),"M",1) -> M | BJ27: =IF(OR(K27="",L27="",M27=""),"M",1) -> M | BK27: =IF(OR(N27="",O27="",P27=""),"M",1) -> M | BL27: =IF(OR(Q27="",R27="",S27=""),"M",1) -> M | BM27: =IF(AND(BH27="M",BI27="M",BJ27="M",BK27="M",BL27="M",D27=""),0,1) -> 0
A28: -71 | B28: =B29-1 -> -71 | C28: =C29-1 -> -71 | T28: =IF(BM28=0,"M",IF(D28="p1",AK28,IF(D28="p2",AL28,IF(D28="A",0,((E28*F28)*G28/0.6)+((H28*I28)*J28/0.6)+((K28*L28)*M28/0.6)+((N28*O28)*P28/0.6)+((Q28*R28)*S28/0.6))))) -> M | U28: =IF(T28=Calculator!T28,"VALID","ERROR") -> VALID | W28: =IF(U28="VALID",0,IF(U28="ERROR",1,0)) -> 0 | AK28: =IF(AM28=1,AW28,IF(AM28=2,AQ28,IF(AM28=3,AR28,IF(AM28=4,AS28,IF(AM28=5,AT28,IF(AM28=6,AU28,IF(AM28=7,AV28))))))) -> FALSE | AL28: =IF(AN28=1,BE28,IF(AN28=2,AY28,IF(AN28=3,AZ28,IF(AN28=4,BA28,IF(AN28=5,BB28,IF(AN28=6,BC28,IF(AN28=7,BD28))))))) -> FALSE | AM28: =IF(D28="p1",AP28,"no") -> no | AN28: =IF(D28="p2",AP28,"no") -> no | AP28: =WEEKDAY(C28) -> #NUM! | AQ28: =AQ27 -> M | AR28: =AR27 -> M | AS28: =AS27 -> M | AT28: =AT27 -> M | AU28: =AU27 -> M | AV28: =AV27 -> M | AW28: =AW27 -> M | AY28: =AY27 -> 0 | AZ28: =AZ27 -> 0 | BA28: =BA27 -> 0 | BB28: =BB27 -> 0 | BC28: =BC27 -> 0 | BD28: =BD27 -> 0 | BE28: =BE27 -> 0 | BH28: =IF(OR(E28="",F28="",G28=""),"M",1) -> M | BI28: =IF(OR(H28="",I28="",J28=""),"M",1) -> M | BJ28: =IF(OR(K28="",L28="",M28=""),"M",1) -> M | BK28: =IF(OR(N28="",O28="",P28=""),"M",1) -> M | BL28: =IF(OR(Q28="",R28="",S28=""),"M",1) -> M | BM28: =IF(AND(BH28="M",BI28="M",BJ28="M",BK28="M",BL28="M",D28=""),0,1) -> 0
A29: -70 | B29: =B30-1 -> -70 | C29: =C30-1 -> -70 | T29: =IF(BM29=0,"M",IF(D29="p1",AK29,IF(D29="p2",AL29,IF(D29="A",0,((E29*F29)*G29/0.6)+((H29*I29)*J29/0.6)+((K29*L29)*M29/0.6)+((N29*O29)*P29/0.6)+((Q29*R29)*S29/0.6))))) -> M | U29: =IF(T29=Calculator!T29,"VALID","ERROR") -> VALID | W29: =IF(U29="VALID",0,IF(U29="ERROR",1,0)) -> 0 | AK29: =IF(AM29=1,AW29,IF(AM29=2,AQ29,IF(AM29=3,AR29,IF(AM29=4,AS29,IF(AM29=5,AT29,IF(AM29=6,AU29,IF(AM29=7,AV29))))))) -> FALSE | AL29: =IF(AN29=1,BE29,IF(AN29=2,AY29,IF(AN29=3,AZ29,IF(AN29=4,BA29,IF(AN29=5,BB29,IF(AN29=6,BC29,IF(AN29=7,BD29))))))) -> FALSE | AM29: =IF(D29="p1",AP29,"no") -> no | AN29: =IF(D29="p2",AP29,"no") -> no | AP29: =WEEKDAY(C29) -> #NUM! | AQ29: =AQ28 -> M | AR29: =AR28 -> M | AS29: =AS28 -> M | AT29: =AT28 -> M | AU29: =AU28 -> M | AV29: =AV28 -> M | AW29: =AW28 -> M | AY29: =AY28 -> 0 | AZ29: =AZ28 -> 0 | BA29: =BA28 -> 0 | BB29: =BB28 -> 0 | BC29: =BC28 -> 0 | BD29: =BD28 -> 0 | BE29: =BE28 -> 0 | BH29: =IF(OR(E29="",F29="",G29=""),"M",1) -> M | BI29: =IF(OR(H29="",I29="",J29=""),"M",1) -> M | BJ29: =IF(OR(K29="",L29="",M29=""),"M",1) -> M | BK29: =IF(OR(N29="",O29="",P29=""),"M",1) -> M | BL29: =IF(OR(Q29="",R29="",S29=""),"M",1) -> M | BM29: =IF(AND(BH29="M",BI29="M",BJ29="M",BK29="M",BL29="M",D29=""),0,1) -> 0
A30: -69 | B30: =B31-1 -> -69 | C30: =C31-1 -> -69 | T30: =IF(BM30=0,"M",IF(D30="p1",AK30,IF(D30="p2",AL30,IF(D30="A",0,((E30*F30)*G30/0.6)+((H30*I30)*J30/0.6)+((K30*L30)*M30/0.6)+((N30*O30)*P30/0.6)+((Q30*R30)*S30/0.6))))) -> M | U30: =IF(T30=Calculator!T30,"VALID","ERROR") -> VALID | W30: =IF(U30="VALID",0,IF(U30="ERROR",1,0)) -> 0 | AK30: =IF(AM30=1,AW30,IF(AM30=2,AQ30,IF(AM30=3,AR30,IF(AM30=4,AS30,IF(AM30=5,AT30,IF(AM30=6,AU30,IF(AM30=7,AV30))))))) -> FALSE | AL30: =IF(AN30=1,BE30,IF(AN30=2,AY30,IF(AN30=3,AZ30,IF(AN30=4,BA30,IF(AN30=5,BB30,IF(AN30=6,BC30,IF(AN30=7,BD30))))))) -> FALSE | AM30: =IF(D30="p1",AP30,"no") -> no | AN30: =IF(D30="p2",AP30,"no") -> no | AP30: =WEEKDAY(C30) -> #NUM! | AQ30: =AQ29 -> M | AR30: =AR29 -> M | AS30: =AS29 -> M | AT30: =AT29 -> M | AU30: =AU29 -> M | AV30: =AV29 -> M | AW30: =AW29 -> M | AY30: =AY29 -> 0 | AZ30: =AZ29 -> 0 | BA30: =BA29 -> 0 | BB30: =BB29 -> 0 | BC30: =BC29 -> 0 | BD30: =BD29 -> 0 | BE30: =BE29 -> 0 | BH30: =IF(OR(E30="",F30="",G30=""),"M",1) -> M | BI30: =IF(OR(H30="",I30="",J30=""),"M",1) -> M | BJ30: =IF(OR(K30="",L30="",M30=""),"M",1) -> M | BK30: =IF(OR(N30="",O30="",P30=""),"M",1) -> M | BL30: =IF(OR(Q30="",R30="",S30=""),"M",1) -> M | BM30: =IF(AND(BH30="M",BI30="M",BJ30="M",BK30="M",BL30="M",D30=""),0,1) -> 0
A31: -68 | B31: =B32-1 -> -68 | C31: =C32-1 -> -68 | T31: =IF(BM31=0,"M",IF(D31="p1",AK31,IF(D31="p2",AL31,IF(D31="A",0,((E31*F31)*G31/0.6)+((H31*I31)*J31/0.6)+((K31*L31)*M31/0.6)+((N31*O31)*P31/0.6)+((Q31*R31)*S31/0.6))))) -> M | U31: =IF(T31=Calculator!T31,"VALID","ERROR") -> VALID | W31: =IF(U31="VALID",0,IF(U31="ERROR",1,0)) -> 0 | AK31: =IF(AM31=1,AW31,IF(AM31=2,AQ31,IF(AM31=3,AR31,IF(AM31=4,AS31,IF(AM31=5,AT31,IF(AM31=6,AU31,IF(AM31=7,AV31))))))) -> FALSE | AL31: =IF(AN31=1,BE31,IF(AN31=2,AY31,IF(AN31=3,AZ31,IF(AN31=4,BA31,IF(AN31=5,BB31,IF(AN31=6,BC31,IF(AN31=7,BD31))))))) -> FALSE | AM31: =IF(D31="p1",AP31,"no") -> no | AN31: =IF(D31="p2",AP31,"no") -> no | AP31: =WEEKDAY(C31) -> #NUM! | AQ31: =AQ30 -> M | AR31: =AR30 -> M | AS31: =AS30 -> M | AT31: =AT30 -> M | AU31: =AU30 -> M | AV31: =AV30 -> M | AW31: =AW30 -> M | AY31: =AY30 -> 0 | AZ31: =AZ30 -> 0 | BA31: =BA30 -> 0 | BB31: =BB30 -> 0 | BC31: =BC30 -> 0 | BD31: =BD30 -> 0 | BE31: =BE30 -> 0 | BH31: =IF(OR(E31="",F31="",G31=""),"M",1) -> M | BI31: =IF(OR(H31="",I31="",J31=""),"M",1) -> M | BJ31: =IF(OR(K31="",L31="",M31=""),"M",1) -> M | BK31: =IF(OR(N31="",O31="",P31=""),"M",1) -> M | BL31: =IF(OR(Q31="",R31="",S31=""),"M",1) -> M | BM31: =IF(AND(BH31="M",BI31="M",BJ31="M",BK31="M",BL31="M",D31=""),0,1) -> 0
... A97: -2 | B97: =B98-1 -> -2 | C97: =C98-1 -> -2 | T97: =IF(BM97=0,"M",IF(D97="p1",AK97,IF(D97="p2",AL97,IF(D97="A",0,((E97*F97)*G97/0.6)+((H97*I97)*J97/0.6)+((K97*L97)*M97/0.6)+((N97*O97)*P97/0.6)+((Q97*R97)*S97/0.6))))) -> M | U97: =IF(T97=Calculator!T97,"VALID","ERROR") -> VALID | W97: =IF(U97="VALID",0,IF(U97="ERROR",1,0)) -> 0 | AK97: =IF(AM97=1,AW97,IF(AM97=2,AQ97,IF(AM97=3,AR97,IF(AM97=4,AS97,IF(AM97=5,AT97,IF(AM97=6,AU97,IF(AM97=7,AV97))))))) -> FALSE | AL97: =IF(AN97=1,BE97,IF(AN97=2,AY97,IF(AN97=3,AZ97,IF(AN97=4,BA97,IF(AN97=5,BB97,IF(AN97=6,BC97,IF(AN97=7,BD97))))))) -> FALSE | AM97: =IF(D97="p1",AP97,"no") -> no | AN97: =IF(D97="p2",AP97,"no") -> no | AP97: =WEEKDAY(C97) -> #NUM! | AQ97: =AQ96 -> M | AR97: =AR96 -> M | AS97: =AS96 -> M | AT97: =AT96 -> M | AU97: =AU96 -> M | AV97: =AV96 -> M | AW97: =AW96 -> M | AY97: =AY96 -> 0 | AZ97: =AZ96 -> 0 | BA97: =BA96 -> 0 | BB97: =BB96 -> 0 | BC97: =BC96 -> 0 | BD97: =BD96 -> 0 | BE97: =BE96 -> 0 | BH97: =IF(OR(E97="",F97="",G97=""),"M",1) -> M | BI97: =IF(OR(H97="",I97="",J97=""),"M",1) -> M | BJ97: =IF(OR(K97="",L97="",M97=""),"M",1) -> M | BK97: =IF(OR(N97="",O97="",P97=""),"M",1) -> M | BL97: =IF(OR(Q97="",R97="",S97=""),"M",1) -> M | BM97: =IF(AND(BH97="M",BI97="M",BJ97="M",BK97="M",BL97="M",D97=""),0,1) -> 0
A98: -1 | B98: =O4-1 -> -1 | C98: =O4-1 -> -1 | T98: =IF(BM98=0,"M",IF(D98="p1",AK98,IF(D98="p2",AL98,IF(D98="A",0,((E98*F98)*G98/0.6)+((H98*I98)*J98/0.6)+((K98*L98)*M98/0.6)+((N98*O98)*P98/0.6)+((Q98*R98)*S98/0.6))))) -> M | U98: =IF(T98=Calculator!T98,"VALID","ERROR") -> VALID | W98: =IF(U98="VALID",0,IF(U98="ERROR",1,0)) -> 0 | AK98: =IF(AM98=1,AW98,IF(AM98=2,AQ98,IF(AM98=3,AR98,IF(AM98=4,AS98,IF(AM98=5,AT98,IF(AM98=6,AU98,IF(AM98=7,AV98))))))) -> FALSE | AL98: =IF(AN98=1,BE98,IF(AN98=2,AY98,IF(AN98=3,AZ98,IF(AN98=4,BA98,IF(AN98=5,BB98,IF(AN98=6,BC98,IF(AN98=7,BD98))))))) -> FALSE | AM98: =IF(D98="p1",AP98,"no") -> no | AN98: =IF(D98="p2",AP98,"no") -> no | AP98: =WEEKDAY(C98) -> #NUM! | AQ98: =AQ97 -> M | AR98: =AR97 -> M | AS98: =AS97 -> M | AT98: =AT97 -> M | AU98: =AU97 -> M | AV98: =AV97 -> M | AW98: =AW97 -> M | AY98: =AY97 -> 0 | AZ98: =AZ97 -> 0 | BA98: =BA97 -> 0 | BB98: =BB97 -> 0 | BC98: =BC97 -> 0 | BD98: =BD97 -> 0 | BE98: =BE97 -> 0 | BH98: =IF(OR(E98="",F98="",G98=""),"M",1) -> M | BI98: =IF(OR(H98="",I98="",J98=""),"M",1) -> M | BJ98: =IF(OR(K98="",L98="",M98=""),"M",1) -> M | BK98: =IF(OR(N98="",O98="",P98=""),"M",1) -> M | BL98: =IF(OR(Q98="",R98="",S98=""),"M",1) -> M | BM98: =IF(AND(BH98="M",BI98="M",BJ98="M",BK98="M",BL98="M",D98=""),0,1) -> 0
A99: Screening | B99: =O4 -> 0 | C99: =O4 -> 0
AG100: Logic for different number days in screening
AG101: Text string | AH101: logic
T104: =SUM(T9:T98) -> 0 | W104: =SUM(W9:W98) -> 4 | X104: # ERROR DAYS
W106: =IF(W104=1,"is","are") -> are
W107: =IF(W104=1,"day","days") -> days

Sheet Dup P1 Chart
B1: Pattern Chart 1 (P1) | S1: Check Missing Values
B2: Beverage #1 | E2: Beverage #2 | H2: Beverage #3 | K2: Beverage #4 | N2: Beverage #5
A3: Day | B3: # of drinks | C3: # of oz per drink | D3: Conc. Of ETOH | E3: # of drinks | F3: # of oz per drink | G3: Conc. Of ETOH | H3: # of drinks | I3: # of oz per drink | J3: Conc. Of ETOH | K3: # of drinks | L3: # of oz per drink | M3: Conc. Of ETOH | N3: # of drinks | O3: # of oz per drink | P3: Conc. Of ETOH | Q3: Total SDUs
A4: Monday | Q4: =IF(X4=0,"M",((B4*C4)*D4/0.6) + ((E4*F4)*G4/0.6) +((H4*I4)*J4/0.6) +((K4*L4)*M4/0.6) + ((N4*O4)*P4/0.6)) -> M | S4: =IF(OR(B4="",C4="",D4=""),"M",1) -> M | T4: =IF(OR(E4="",F4="",G4=""),"M",1) -> M | U4: =IF(OR(H4="",I4="",J4=""),"M",1) -> M | V4: =IF(OR(K4="",L4="",M4=""),"M",1) -> M | W4: =IF(OR(N4="",O4="",P4=""),"M",1) -> M | X4: =IF(AND(S4="M",T4="M",U4="M",V4="M",W4="M"),0,1) -> 0
A5: Tuesday | Q5: =IF(X5=0,"M",((B5*C5)*D5/0.6) + ((E5*F5)*G5/0.6) +((H5*I5)*J5/0.6) +((K5*L5)*M5/0.6) + ((N5*O5)*P5/0.6)) -> M | S5: =IF(OR(B5="",C5="",D5=""),"M",1) -> M | T5: =IF(OR(E5="",F5="",G5=""),"M",1) -> M | U5: =IF(OR(H5="",I5="",J5=""),"M",1) -> M | V5: =IF(OR(K5="",L5="",M5=""),"M",1) -> M | W5: =IF(OR(N5="",O5="",P5=""),"M",1) -> M | X5: =IF(AND(S5="M",T5="M",U5="M",V5="M",W5="M"),0,1) -> 0
A6: Wednesday | Q6: =IF(X6=0,"M",((B6*C6)*D6/0.6) + ((E6*F6)*G6/0.6) +((H6*I6)*J6/0.6) +((K6*L6)*M6/0.6) + ((N6*O6)*P6/0.6)) -> M | S6: =IF(OR(B6="",C6="",D6=""),"M",1) -> M | T6: =IF(OR(E6="",F6="",G6=""),"M",1) -> M | U6: =IF(OR(H6="",I6="",J6=""),"M",1) -> M | V6: =IF(OR(K6="",L6="",M6=""),"M",1) -> M | W6: =IF(OR(N6="",O6="",P6=""),"M",1) -> M | X6: =IF(AND(S6="M",T6="M",U6="M",V6="M",W6="M"),0,1) -> 0
A7: Thursday | Q7: =IF(X7=0,"M",((B7*C7)*D7/0.6) + ((E7*F7)*G7/0.6) +((H7*I7)*J7/0.6) +((K7*L7)*M7/0.6) + ((N7*O7)*P7/0.6)) -> M | S7: =IF(OR(B7="",C7="",D7=""),"M",1) -> M | T7: =IF(OR(E7="",F7="",G7=""),"M",1) -> M | U7: =IF(OR(H7="",I7="",J7=""),"M",1) -> M | V7: =IF(OR(K7="",L7="",M7=""),"M",1) -> M | W7: =IF(OR(N7="",O7="",P7=""),"M",1) -> M | X7: =IF(AND(S7="M",T7="M",U7="M",V7="M",W7="M"),0,1) -> 0
A8: Friday | Q8: =IF(X8=0,"M",((B8*C8)*D8/0.6) + ((E8*F8)*G8/0.6) +((H8*I8)*J8/0.6) +((K8*L8)*M8/0.6) + ((N8*O8)*P8/0.6)) -> M | S8: =IF(OR(B8="",C8="",D8=""),"M",1) -> M | T8: =IF(OR(E8="",F8="",G8=""),"M",1) -> M | U8: =IF(OR(H8="",I8="",J8=""),"M",1) -> M | V8: =IF(OR(K8="",L8="",M8=""),"M",1) -> M | W8: =IF(OR(N8="",O8="",P8=""),"M",1) -> M | X8: =IF(AND(S8="M",T8="M",U8="M",V8="M",W8="M"),0,1) -> 0
A9: Saturday | Q9: =IF(X9=0,"M",((B9*C9)*D9/0.6) + ((E9*F9)*G9/0.6) +((H9*I9)*J9/0.6) +((K9*L9)*M9/0.6) + ((N9*O9)*P9/0.6)) -> M | S9: =IF(OR(B9="",C9="",D9=""),"M",1) -> M | T9: =IF(OR(E9="",F9="",G9=""),"M",1) -> M | U9: =IF(OR(H9="",I9="",J9=""),"M",1) -> M | V9: =IF(OR(K9="",L9="",M9=""),"M",1) -> M | W9: =IF(OR(N9="",O9="",P9=""),"M",1) -> M | X9: =IF(AND(S9="M",T9="M",U9="M",V9="M",W9="M"),0,1) -> 0
A10: Sunday | Q10: =IF(X10=0,"M",((B10*C10)*D10/0.6) + ((E10*F10)*G10/0.6) +((H10*I10)*J10/0.6) +((K10*L10)*M10/0.6) + ((N10*O10)*P10/0.6)) -> M | S10: =IF(OR(B10="",C10="",D10=""),"M",1) -> M | T10: =IF(OR(E10="",F10="",G10=""),"M",1) -> M | U10: =IF(OR(H10="",I10="",J10=""),"M",1) -> M | V10: =IF(OR(K10="",L10="",M10=""),"M",1) -> M | W10: =IF(OR(N10="",O10="",P10=""),"M",1) -> M | X10: =IF(AND(S10="M",T10="M",U10="M",V10="M",W10="M"),0,1) -> 0
B14: Pattern Chart 2 (P2)
B15: Beverage #1 | E15: Beverage #2 | H15: Beverage #3 | K15: Beverage #4 | N15: Beverage #5
A16: Day | B16: # of drinks | C16: # of oz per drink | D16: Conc. Of ETOH | E16: # of drinks | F16: # of oz per drink | G16: Conc. Of ETOH | H16: # of drinks | I16: # of oz per drink | J16: Conc. Of ETOH | K16: # of drinks | L16: # of oz per drink | M16: Conc. Of ETOH | N16: # of drinks | O16: # of oz per drink | P16: Conc. Of ETOH | Q16: Total SDUs
A17: Monday | Q17: =((B17*C17)*D17/0.5) + ((E17*F17)*G17/0.5) +((H17*I17)*J17/0.5) +((K17*L17)*M17/0.5) + ((N17*O17)*P17/0.5) -> 0
A18: Tuesday | Q18: =((B18*C18)*D18/0.5) + ((E18*F18)*G18/0.5) +((H18*I18)*J18/0.5) +((K18*L18)*M18/0.5) + ((N18*O18)*P18/0.5) -> 0
A19: Wednesday | Q19: =((B19*C19)*D19/0.5) + ((E19*F19)*G19/0.5) +((H19*I19)*J19/0.5) +((K19*L19)*M19/0.5) + ((N19*O19)*P19/0.5) -> 0
A20: Thursday | Q20: =((B20*C20)*D20/0.5) + ((E20*F20)*G20/0.5) +((H20*I20)*J20/0.5) +((K20*L20)*M20/0.5) + ((N20*O20)*P20/0.5) -> 0
A21: Friday | Q21: =((B21*C21)*D21/0.5) + ((E21*F21)*G21/0.5) +((H21*I21)*J21/0.5) +((K21*L21)*M21/0.5) + ((N21*O21)*P21/0.5) -> 0
A22: Saturday | Q22: =((B22*C22)*D22/0.5) + ((E22*F22)*G22/0.5) +((H22*I22)*J22/0.5) +((K22*L22)*M22/0.5) + ((N22*O22)*P22/0.5) -> 0
A23: Sunday | Q23: =((B23*C23)*D23/0.5) + ((E23*F23)*G23/0.5) +((H23*I23)*J23/0.5) +((K23*L23)*M23/0.5) + ((N23*O23)*P23/0.5) -> 0

Sheet Mixed Drink Calc
A1: This spreadsheet is used to average alcohol by volume for mixed drinks. You must know the ABV for each type of alcohol, and the liquid volume for the alcohol. Please see examples below. Make note that you are only inputting the volume of liquid. Do not include the total volume with ice. Use the total fluid ounces calculated in column L and the ABV calculated in column M to calculate the SDU using the SDU "calculator" tab.
B5: Ingredient #1 | D5: Ingredient #2 | F5: Ingredient #3 | H5: Ingredient #4 | J5: Ingredient #5 | L5: Average ABV | P5: Data entry of average ABV
A6: Mixed Drink Name | B6: fluid oz | C6: Conc. Of ETOH (ABV) | D6: fluid oz | E6: Conc. Of ETOH (ABV) | F6: fluid oz | G6: Conc. Of ETOH (ABV) | H6: fluid oz | I6: Conc. Of ETOH (ABV) | J6: fluid oz | K6: Conc. Of ETOH (ABV) | L6: Total oz | M6: Average %ABV | N6: Total SDU | P6: # of drinks | Q6: # of oz per drink | R6: Conc. Of ETOH (ABV)
A7: Margarita | B7: 1.5 | C7: 0.4 | D7: 0.5 | E7: 0.17 | L7: =IF(B7="","",(J7+H7+F7+D7+B7)) -> 2 | M7: =IF(B7 ="","",(N7/L7)*0.6) -> 0.3425 | N7: =B7*(C7/0.6)+D7*(E7/0.6)+F7*(G7/0.6)+H7*(I7/0.6)+J7*(K7/0.6) -> 1.1416667 | P7: 5 | Q7: 2 | R7: 0.343
A8: Martini, dry | B8: 1.5 | C8: 0.47 | D8: 0.75 | E8: 0.18 | L8: =IF(B8="","",(J8+H8+F8+D8+B8)) -> 2.25 | M8: =IF(B8 ="","",(N8/L8)*0.6) -> 0.37333333 | N8: =B8*(C8/0.6)+D8*(E8/0.6)+F8*(G8/0.6)+H8*(I8/0.6)+J8*(K8/0.6) -> 1.4 | P8: 3 | Q8: 2.25 | R8: 0.373
L9: =IF(B9="","",(J9+H9+F9+D9+B9)) | M9: =IF(B9 ="","",(N9/L9)*0.6) | N9: =B9*(C9/0.6)+D9*(E9/0.6)+F9*(G9/0.6)+H9*(I9/0.6)+J9*(K9/0.6) -> 0
L10: =IF(B10="","",(J10+H10+F10+D10+B10)) | M10: =IF(B10 ="","",(N10/L10)*0.6) | N10: =B10*(C10/0.6)+D10*(E10/0.6)+F10*(G10/0.6)+H10*(I10/0.6)+J10*(K10/0.6) -> 0
L11: =IF(B11="","",(J11+H11+F11+D11+B11)) | M11: =IF(B11 ="","",(N11/L11)*0.6) | N11: =B11*(C11/0.6)+D11*(E11/0.6)+F11*(G11/0.6)+H11*(I11/0.6)+J11*(K11/0.6) -> 0
L12: =IF(B12="","",(J12+H12+F12+D12+B12)) | M12: =IF(B12 ="","",(N12/L12)*0.6) | N12: =B12*(C12/0.6)+D12*(E12/0.6)+F12*(G12/0.6)+H12*(I12/0.6)+J12*(K12/0.6) -> 0
L13: =IF(B13="","",(J13+H13+F13+D13+B13)) | M13: =IF(B13 ="","",(N13/L13)*0.6) | N13: =B13*(C13/0.6)+D13*(E13/0.6)+F13*(G13/0.6)+H13*(I13/0.6)+J13*(K13/0.6) -> 0
L14: =IF(B14="","",(J14+H14+F14+D14+B14)) | M14: =IF(B14 ="","",(N14/L14)*0.6) | N14: =B14*(C14/0.6)+D14*(E14/0.6)+F14*(G14/0.6)+H14*(I14/0.6)+J14*(K14/0.6) -> 0
L15: =IF(B15="","",(J15+H15+F15+D15+B15)) | M15: =IF(B15 ="","",(N15/L15)*0.6) | N15: =B15*(C15/0.6)+D15*(E15/0.6)+F15*(G15/0.6)+H15*(I15/0.6)+J15*(K15/0.6) -> 0
L16: =IF(B16="","",(J16+H16+F16+D16+B16)) | M16: =IF(B16 ="","",(N16/L16)*0.6) | N16: =B16*(C16/0.6)+D16*(E16/0.6)+F16*(G16/0.6)+H16*(I16/0.6)+J16*(K16/0.6) -> 0
L17: =IF(B17="","",(J17+H17+F17+D17+B17)) | M17: =IF(B17 ="","",(N17/L17)*0.6) | N17: =B17*(C17/0.6)+D17*(E17/0.6)+F17*(G17/0.6)+H17*(I17/0.6)+J17*(K17/0.6) -> 0
L18: =IF(B18="","",(J18+H18+F18+D18+B18)) | M18: =IF(B18 ="","",(N18/L18)*0.6) | N18: =B18*(C18/0.6)+D18*(E18/0.6)+F18*(G18/0.6)+H18*(I18/0.6)+J18*(K18/0.6) -> 0
L19: =IF(B19="","",(J19+H19+F19+D19+B19)) | M19: =IF(B19 ="","",(N19/L19)*0.6) | N19: =B19*(C19/0.6)+D19*(E19/0.6)+F19*(G19/0.6)+H19*(I19/0.6)+J19*(K19/0.6) -> 0
L20: =IF(B20="","",(J20+H20+F20+D20+B20)) | M20: =IF(B20 ="","",(N20/L20)*0.6) | N20: =B20*(C20/0.6)+D20*(E20/0.6)+F20*(G20/0.6)+H20*(I20/0.6)+J20*(K20/0.6) -> 0
... L26: =IF(B26="","",(J26+H26+F26+D26+B26)) | M26: =IF(B26 ="","",(N26/L26)*0.6) | N26: =B26*(C26/0.6)+D26*(E26/0.6)+F26*(G26/0.6)+H26*(I26/0.6)+J26*(K26/0.6) -> 0

Sheet CRF and Validation
A2: Time-Line Follow-Back (TLFB) drinking assessment
A3: Integrated Therapies for Alcohol use in Alcohol-associated Liver Disease (ITAALD) trial
B5: Subject ID | E5: =Calculator!H4 -> 1 | F5: SDU calculation | H5: =Calculator!C4 -> RC
B6: Date of TLFB assessment | E6: =Calculator!O4 -> 45925 | F6: Duplicate entry | H6: ='Dup Calc'!C4 -> 0
F7: # of invalid data fields | H7: ='Dup Calc'!X12 -> 0
B9: =CONCATENATE("There ",'Dup Calc'!W106," ",'Dup Calc'!W104," ",'Dup Calc'!W107," of drinking data that ",'Dup Calc'!AA14, " not valid based upon duplicate entry. ", 'Dup Calc'!Y19 ) -> There are 4 days of drinking data that not valid based upon duplicate entry.
B14: =Calculator!A8 -> Drinking Day | C14: =Calculator!C8 -> Date | D14: =Calculator!T8 -> Total SDUs | F14: Drinking Day | G14: Date | H14: Total SDUs
B15: =Calculator!A9 -> -90 | C15: =Calculator!C9 -> 45835 | D15: =Calculator!T9 -> 0 | F15: =Calculator!A42 -> -57 | G15: =Calculator!C42 -> 45868 | H15: =Calculator!T42 -> M
B16: =Calculator!A10 -> -89 | C16: =Calculator!C10 -> 45836 | D16: =Calculator!T10 -> 0 | F16: =Calculator!A43 -> -56 | G16: =Calculator!C43 -> 45869 | H16: =Calculator!T43 -> M
B17: =Calculator!A11 -> -88 | C17: =Calculator!C11 -> 45837 | D17: =Calculator!T11 -> 0 | F17: =Calculator!A44 -> -55 | G17: =Calculator!C44 -> 45870 | H17: =Calculator!T44 -> M
B18: =Calculator!A12 -> -87 | C18: =Calculator!C12 -> 45838 | D18: =Calculator!T12 -> 0 | F18: =Calculator!A45 -> -54 | G18: =Calculator!C45 -> 45871 | H18: =Calculator!T45 -> M
B19: =Calculator!A13 -> -86 | C19: =Calculator!C13 -> 45839 | D19: =Calculator!T13 -> M | F19: =Calculator!A46 -> -53 | G19: =Calculator!C46 -> 45872 | H19: =Calculator!T46 -> M
B20: =Calculator!A14 -> -85 | C20: =Calculator!C14 -> 45840 | D20: =Calculator!T14 -> M | F20: =Calculator!A47 -> -52 | G20: =Calculator!C47 -> 45873 | H20: =Calculator!T47 -> M
B21: =Calculator!A15 -> -84 | C21: =Calculator!C15 -> 45841 | D21: =Calculator!T15 -> M | F21: =Calculator!A48 -> -51 | G21: =Calculator!C48 -> 45874 | H21: =Calculator!T48 -> M
B22: =Calculator!A16 -> -83 | C22: =Calculator!C16 -> 45842 | D22: =Calculator!T16 -> M | F22: =Calculator!A49 -> -50 | G22: =Calculator!C49 -> 45875 | H22: =Calculator!T49 -> M
B23: =Calculator!A17 -> -82 | C23: =Calculator!C17 -> 45843 | D23: =Calculator!T17 -> M | F23: =Calculator!A50 -> -49 | G23: =Calculator!C50 -> 45876 | H23: =Calculator!T50 -> M
B24: =Calculator!A18 -> -81 | C24: =Calculator!C18 -> 45844 | D24: =Calculator!T18 -> M | F24: =Calculator!A51 -> -48 | G24: =Calculator!C51 -> 45877 | H24: =Calculator!T51 -> M
B25: =Calculator!A19 -> -80 | C25: =Calculator!C19 -> 45845 | D25: =Calculator!T19 -> M | F25: =Calculator!A52 -> -47 | G25: =Calculator!C52 -> 45878 | H25: =Calculator!T52 -> M
B26: =Calculator!A20 -> -79 | C26: =Calculator!C20 -> 45846 | D26: =Calculator!T20 -> M | F26: =Calculator!A53 -> -46 | G26: =Calculator!C53 -> 45879 | H26: =Calculator!T53 -> M
... B46: =Calculator!A40 -> -59 | C46: =Calculator!C40 -> 45866 | D46: =Calculator!T40 -> M | F46: =Calculator!A73 -> -26 | G46: =Calculator!C73 -> 45899 | H46: =Calculator!T73 -> M
A54: Time-Line Follow-Back (TLFB) drinking assessment
A55: Integrated Therapies for Alcohol use in Alcohol-associated Liver Disease (ITAALD) trial
B57: =B5 -> Subject ID | E57: =E5 -> 1 | F57: =F5 -> SDU calculation | H57: =H5 -> RC
B58: =B6 -> Date of TLFB assessment | E58: =E6 -> 45925 | F58: =F6 -> Duplicate entry | H58: =H6 -> 0
F59: =F7 -> # of invalid data fields | H59: =H7 -> 0
B61: Drinking Day | C61: Date | D61: Total SDUs
B62: =Calculator!A73 -> -26 | C62: =Calculator!C73 -> 45899 | D62: =Calculator!T73 -> M
B63: =Calculator!A74 -> -25 | C63: =Calculator!C74 -> 45900 | D63: =Calculator!T74 -> M
B64: =Calculator!A75 -> -24 | C64: =Calculator!C75 -> 45901 | D64: =Calculator!T75 -> M
B65: =Calculator!A76 -> -23 | C65: =Calculator!C76 -> 45902 | D65: =Calculator!T76 -> M
B66: =Calculator!A77 -> -22 | C66: =Calculator!C77 -> 45903 | D66: =Calculator!T77 -> M
B67: =Calculator!A78 -> -21 | C67: =Calculator!C78 -> 45904 | D67: =Calculator!T78 -> M
B68: =Calculator!A79 -> -20 | C68: =Calculator!C79 -> 45905 | D68: =Calculator!T79 -> M
B69: =Calculator!A80 -> -19 | C69: =Calculator!C80 -> 45906 | D69: =Calculator!T80 -> M
B70: =Calculator!A81 -> -18 | C70: =Calculator!C81 -> 45907 | D70: =Calculator!T81 -> M
B71: =Calculator!A82 -> -17 | C71: =Calculator!C82 -> 45908 | D71: =Calculator!T82 -> M
B72: =Calculator!A83 -> -16 | C72: =Calculator!C83 -> 45909 | D72: =Calculator!T83 -> M
B73: =Calculator!A84 -> -15 | C73: =Calculator!C84 -> 45910 | D73: =Calculator!T84 -> M
... B87: =Calculator!A98 -> -1 | C87: =Calculator!C98 -> 45924 | D87: =Calculator!T98 -> M

Sheet EXPORT
A1: Subject ID | B1: Drinking Day | C1: Date | D1: Total SDUs
A2: =Calculator!H4 -> 1 | B2: =Calculator!A9 -> -90 | C2: =Calculator!C9 -> 45835 | D2: =Calculator!T9 -> 0
A3: =A2 -> 1 | B3: =Calculator!A10 -> -89 | C3: =Calculator!C10 -> 45836 | D3: =Calculator!T10 -> 0
A4: =A3 -> 1 | B4: =Calculator!A11 -> -88 | C4: =Calculator!C11 -> 45837 | D4: =Calculator!T11 -> 0
A5: =A4 -> 1 | B5: =Calculator!A12 -> -87 | C5: =Calculator!C12 -> 45838 | D5: =Calculator!T12 -> 0
A6: =A5 -> 1 | B6: =Calculator!A13 -> -86 | C6: =Calculator!C13 -> 45839 | D6: =Calculator!T13 -> M
A7: =A6 -> 1 | B7: =Calculator!A14 -> -85 | C7: =Calculator!C14 -> 45840 | D7: =Calculator!T14 -> M
A8: =A7 -> 1 | B8: =Calculator!A15 -> -84 | C8: =Calculator!C15 -> 45841 | D8: =Calculator!T15 -> M
A9: =A8 -> 1 | B9: =Calculator!A16 -> -83 | C9: =Calculator!C16 -> 45842 | D9: =Calculator!T16 -> M
A10: =A9 -> 1 | B10: =Calculator!A17 -> -82 | C10: =Calculator!C17 -> 45843 | D10: =Calculator!T17 -> M
A11: =A10 -> 1 | B11: =Calculator!A18 -> -81 | C11: =Calculator!C18 -> 45844 | D11: =Calculator!T18 -> M
A12: =A11 -> 1 | B12: =Calculator!A19 -> -80 | C12: =Calculator!C19 -> 45845 | D12: =Calculator!T19 -> M
A13: =A12 -> 1 | B13: =Calculator!A20 -> -79 | C13: =Calculator!C20 -> 45846 | D13: =Calculator!T20 -> M
A14: =A13 -> 1 | B14: =Calculator!A21 -> -78 | C14: =Calculator!C21 -> 45847 | D14: =Calculator!T21 -> M
... A91: =A90 -> 1 | B91: =Calculator!A98 -> -1 | C91: =Calculator!C98 -> 45924 | D91: =Calculator!T98 -> M
